kotlin version: 2.2.10
error message: java.lang.RuntimeException: Exception while generating code for:
FUN name:ObserveAsEvents visibility:public modality:FINAL returnType:kotlin.Unit
  TYPE_PARAMETER name:T index:0 variance: superTypes:[kotlin.Any?] reified:false
  VALUE_PARAMETER kind:Regular name:flow index:0 type:kotlinx.coroutines.flow.Flow<T of com.project.ui.ObserveAsEventsKt.ObserveAsEvents>
  VALUE_PARAMETER kind:Regular name:key1 index:1 type:kotlin.Any?
    EXPRESSION_BODY
      ERROR_EXPR 'Default Stub' type=kotlin.Any?
  VALUE_PARAMETER kind:Regular name:key2 index:2 type:kotlin.Any?
    EXPRESSION_BODY
      ERROR_EXPR 'Default Stub' type=kotlin.Any?
  VALUE_PARAMETER kind:Regular name:onEvent index:3 type:kotlin.Function1<T of com.project.ui.ObserveAsEventsKt.ObserveAsEvents, kotlin.Unit>
  annotations:
    Composable
  BLOCK_BODY
    VAR name:lifecycleOwner type:androidx.lifecycle.LifecycleOwner [val]
      CALL 'public final fun <get-current> (): T of androidx.compose.runtime.CompositionLocal [inline] declared in androidx.compose.runtime.CompositionLocal' type=androidx.lifecycle.LifecycleOwner origin=GET_PROPERTY
        ARG <this>: TYPE_OP type=androidx.compose.runtime.CompositionLocal<T of androidx.compose.runtime.CompositionLocal> origin=IMPLICIT_CAST typeOperand=androidx.compose.runtime.CompositionLocal<T of androidx.compose.runtime.CompositionLocal>
          CALL 'public final fun <get-LocalLifecycleOwner> (): androidx.compose.runtime.ProvidableCompositionLocal<androidx.lifecycle.LifecycleOwner> declared in androidx.lifecycle.compose.LocalLifecycleOwnerKt' type=androidx.compose.runtime.ProvidableCompositionLocal<androidx.lifecycle.LifecycleOwner> origin=GET_PROPERTY
    CALL 'public final fun LaunchedEffect (vararg keys: kotlin.Any?, block: @[ExtensionFunctionType] kotlin.coroutines.SuspendFunction1<kotlinx.coroutines.CoroutineScope, kotlin.Unit>): kotlin.Unit declared in androidx.compose.runtime.EffectsKt' type=kotlin.Unit origin=null
      ARG keys: BLOCK type=kotlin.Array<out kotlin.Any?> origin=null
        VAR IR_TEMPORARY_VARIABLE name:tmp0 type:kotlin.Array<out kotlin.Any?> [val]
          CALL 'public final fun arrayOfNulls <T> (size: kotlin.Int): kotlin.Array<T of kotlin.arrayOfNulls?> declared in kotlin' type=kotlin.Array<out kotlin.Any?> origin=null
            TYPE_ARG T: kotlin.Any?
            ARG size: CONST Int type=kotlin.Int value=4
        CALL 'public final fun set (index: kotlin.Int, value: T of kotlin.Array): kotlin.Unit [operator] declared in kotlin.Array' type=kotlin.Unit origin=null
          ARG <this>: GET_VAR 'val tmp0: kotlin.Array<out kotlin.Any?> [val] declared in com.project.ui.ObserveAsEventsKt.ObserveAsEvents' type=kotlin.Array<out kotlin.Any?> origin=null
          ARG index: CONST Int type=kotlin.Int value=0
          ARG value: GET_VAR 'flow: kotlinx.coroutines.flow.Flow<T of com.project.ui.ObserveAsEventsKt.ObserveAsEvents> declared in com.project.ui.ObserveAsEventsKt.ObserveAsEvents' type=kotlinx.coroutines.flow.Flow<T of com.project.ui.ObserveAsEventsKt.ObserveAsEvents> origin=null
        CALL 'public final fun set (index: kotlin.Int, value: T of kotlin.Array): kotlin.Unit [operator] declared in kotlin.Array' type=kotlin.Unit origin=null
          ARG <this>: GET_VAR 'val tmp0: kotlin.Array<out kotlin.Any?> [val] declared in com.project.ui.ObserveAsEventsKt.ObserveAsEvents' type=kotlin.Array<out kotlin.Any?> origin=null
          ARG index: CONST Int type=kotlin.Int value=1
          ARG value: CALL 'public abstract fun <get-lifecycle> (): androidx.lifecycle.Lifecycle declared in androidx.lifecycle.LifecycleOwner' type=androidx.lifecycle.Lifecycle origin=GET_PROPERTY
            ARG <this>: GET_VAR 'val lifecycleOwner: androidx.lifecycle.LifecycleOwner [val] declared in com.project.ui.ObserveAsEventsKt.ObserveAsEvents' type=androidx.lifecycle.LifecycleOwner origin=null
        CALL 'public final fun set (index: kotlin.Int, value: T of kotlin.Array): kotlin.Unit [operator] declared in kotlin.Array' type=kotlin.Unit origin=null
          ARG <this>: GET_VAR 'val tmp0: kotlin.Array<out kotlin.Any?> [val] declared in com.project.ui.ObserveAsEventsKt.ObserveAsEvents' type=kotlin.Array<out kotlin.Any?> origin=null
          ARG index: CONST Int type=kotlin.Int value=2
          ARG value: GET_VAR 'key1: kotlin.Any? declared in com.project.ui.ObserveAsEventsKt.ObserveAsEvents' type=kotlin.Any? origin=null
        CALL 'public final fun set (index: kotlin.Int, value: T of kotlin.Array): kotlin.Unit [operator] declared in kotlin.Array' type=kotlin.Unit origin=null
          ARG <this>: GET_VAR 'val tmp0: kotlin.Array<out kotlin.Any?> [val] declared in com.project.ui.ObserveAsEventsKt.ObserveAsEvents' type=kotlin.Array<out kotlin.Any?> origin=null
          ARG index: CONST Int type=kotlin.Int value=3
          ARG value: GET_VAR 'key2: kotlin.Any? declared in com.project.ui.ObserveAsEventsKt.ObserveAsEvents' type=kotlin.Any? origin=null
        GET_VAR 'val tmp0: kotlin.Array<out kotlin.Any?> [val] declared in com.project.ui.ObserveAsEventsKt.ObserveAsEvents' type=kotlin.Array<out kotlin.Any?> origin=null
      ARG block: BLOCK type=com.project.ui.ObserveAsEventsKt.ObserveAsEvents.<no name provided> origin=null
        CLASS SUSPEND_LAMBDA CLASS name:<no name provided> modality:FINAL visibility:public/*package*/ superTypes:[kotlin.coroutines.jvm.internal.SuspendLambda; kotlin.jvm.functions.Function2<kotlinx.coroutines.CoroutineScope, kotlin.coroutines.Continuation<kotlin.Unit>?, kotlin.Any?>]
          thisReceiver: VALUE_PARAMETER INSTANCE_RECEIVER kind:DispatchReceiver name:<this> type:com.project.ui.ObserveAsEventsKt.ObserveAsEvents.<no name provided>
          FIELD name:label type:kotlin.Int visibility:public/*package*/
          CONSTRUCTOR SUSPEND_LAMBDA visibility:public/*package*/ returnType:com.project.ui.ObserveAsEventsKt.ObserveAsEvents.<no name provided> [primary]
            VALUE_PARAMETER BOUND_VALUE_PARAMETER kind:Regular name:$lifecycleOwner index:0 type:androidx.lifecycle.LifecycleOwner
            VALUE_PARAMETER BOUND_VALUE_PARAMETER kind:Regular name:$flow index:1 type:kotlinx.coroutines.flow.Flow<T of com.project.ui.ObserveAsEventsKt.ObserveAsEvents>
            VALUE_PARAMETER BOUND_VALUE_PARAMETER kind:Regular name:$onEvent index:2 type:kotlin.Function1<T of com.project.ui.ObserveAsEventsKt.ObserveAsEvents, kotlin.Unit>
            VALUE_PARAMETER kind:Regular name:$completion index:3 type:kotlin.coroutines.Continuation<com.project.ui.ObserveAsEventsKt.ObserveAsEvents.<no name provided>>?
            BLOCK_BODY
              SET_FIELD 'FIELD FIELD_FOR_CAPTURED_VALUE name:$lifecycleOwner type:androidx.lifecycle.LifecycleOwner visibility:public/*package*/ [final] declared in com.project.ui.ObserveAsEventsKt.ObserveAsEvents.<no name provided>' type=kotlin.Unit origin=INITIALIZER_OF_FIELD_FOR_CAPTURED_VALUE
                receiver: GET_VAR '<this>: com.project.ui.ObserveAsEventsKt.ObserveAsEvents.<no name provided> declared in com.project.ui.ObserveAsEventsKt.ObserveAsEvents.<no name provided>' type=com.project.ui.ObserveAsEventsKt.ObserveAsEvents.<no name provided> origin=null
                value: GET_VAR '$lifecycleOwner: androidx.lifecycle.LifecycleOwner declared in com.project.ui.ObserveAsEventsKt.ObserveAsEvents.<no name provided>.<init>' type=androidx.lifecycle.LifecycleOwner origin=null
              SET_FIELD 'FIELD FIELD_FOR_CAPTURED_VALUE name:$flow type:kotlinx.coroutines.flow.Flow<T of com.project.ui.ObserveAsEventsKt.ObserveAsEvents> visibility:public/*package*/ [final] declared in com.project.ui.ObserveAsEventsKt.ObserveAsEvents.<no name provided>' type=kotlin.Unit origin=INITIALIZER_OF_FIELD_FOR_CAPTURED_VALUE
                receiver: GET_VAR '<this>: com.project.ui.ObserveAsEventsKt.ObserveAsEvents.<no name provided> declared in com.project.ui.ObserveAsEventsKt.ObserveAsEvents.<no name provided>' type=com.project.ui.ObserveAsEventsKt.ObserveAsEvents.<no name provided> origin=null
                value: GET_VAR '$flow: kotlinx.coroutines.flow.Flow<T of com.project.ui.ObserveAsEventsKt.ObserveAsEvents> declared in com.project.ui.ObserveAsEventsKt.ObserveAsEvents.<no name provided>.<init>' type=kotlinx.coroutines.flow.Flow<T of com.project.ui.ObserveAsEventsKt.ObserveAsEvents> origin=null
              SET_FIELD 'FIELD FIELD_FOR_CAPTURED_VALUE name:$onEvent type:kotlin.Function1<T of com.project.ui.ObserveAsEventsKt.ObserveAsEvents, kotlin.Unit> visibility:public/*package*/ [final] declared in com.project.ui.ObserveAsEventsKt.ObserveAsEvents.<no name provided>' type=kotlin.Unit origin=INITIALIZER_OF_FIELD_FOR_CAPTURED_VALUE
                receiver: GET_VAR '<this>: com.project.ui.ObserveAsEventsKt.ObserveAsEvents.<no name provided> declared in com.project.ui.ObserveAsEventsKt.ObserveAsEvents.<no name provided>' type=com.project.ui.ObserveAsEventsKt.ObserveAsEvents.<no name provided> origin=null
                value: GET_VAR '$onEvent: kotlin.Function1<T of com.project.ui.ObserveAsEventsKt.ObserveAsEvents, kotlin.Unit> declared in com.project.ui.ObserveAsEventsKt.ObserveAsEvents.<no name provided>.<init>' type=kotlin.Function1<T of com.project.ui.ObserveAsEventsKt.ObserveAsEvents, kotlin.Unit> origin=null
              DELEGATING_CONSTRUCTOR_CALL 'public constructor <init> (arity: kotlin.Int, $completion: kotlin.coroutines.Continuation<kotlin.Any?>?) declared in kotlin.coroutines.jvm.internal.SuspendLambda'
                ARG arity: CONST Int type=kotlin.Int value=2
                ARG $completion: GET_VAR '$completion: kotlin.coroutines.Continuation<com.project.ui.ObserveAsEventsKt.ObserveAsEvents.<no name provided>>? declared in com.project.ui.ObserveAsEventsKt.ObserveAsEvents.<no name provided>.<init>' type=kotlin.coroutines.Continuation<com.project.ui.ObserveAsEventsKt.ObserveAsEvents.<no name provided>>? origin=null
              BLOCK type=kotlin.Unit origin=null
          FUN name:invokeSuspend visibility:public modality:FINAL returnType:kotlin.Any?
            VALUE_PARAMETER INSTANCE_RECEIVER kind:DispatchReceiver name:<this> index:0 type:com.project.ui.ObserveAsEventsKt.ObserveAsEvents.<no name provided>
            VALUE_PARAMETER kind:Regular name:$result index:1 type:kotlin.Result<kotlin.Any?>
            overridden:
              protected abstract fun invokeSuspend ($result: kotlin.Result<kotlin.Any?>): kotlin.Any? declared in kotlin.coroutines.jvm.internal.SuspendLambda
            BLOCK_BODY
              CALL 'public final fun repeatOnLifecycle (<this>: androidx.lifecycle.LifecycleOwner, state: androidx.lifecycle.Lifecycle.State, block: @[ExtensionFunctionType] kotlin.coroutines.SuspendFunction1<kotlinx.coroutines.CoroutineScope, kotlin.Unit>, $completion: kotlin.coroutines.Continuation<kotlin.Unit>): kotlin.Any? [suspend] declared in androidx.lifecycle.RepeatOnLifecycleKt' type=kotlin.Unit origin=null
                ARG <this>: GET_FIELD 'FIELD FIELD_FOR_CAPTURED_VALUE name:$lifecycleOwner type:androidx.lifecycle.LifecycleOwner visibility:public/*package*/ [final] declared in com.project.ui.ObserveAsEventsKt.ObserveAsEvents.<no name provided>' type=androidx.lifecycle.LifecycleOwner origin=null
                  receiver: GET_VAR '<this>: com.project.ui.ObserveAsEventsKt.ObserveAsEvents.<no name provided> declared in com.project.ui.ObserveAsEventsKt.ObserveAsEvents.<no name provided>.invokeSuspend' type=com.project.ui.ObserveAsEventsKt.ObserveAsEvents.<no name provided> origin=null
                ARG state: GET_FIELD 'FIELD FIELD_FOR_ENUM_ENTRY name:STARTED type:androidx.lifecycle.Lifecycle.State visibility:public [final,static] declared in androidx.lifecycle.Lifecycle.State' type=androidx.lifecycle.Lifecycle.State origin=null
                ARG block: BLOCK type=com.project.ui.ObserveAsEventsKt.ObserveAsEvents.<no name provided>.invokeSuspend.<no name provided> origin=null
                  CLASS SUSPEND_LAMBDA CLASS name:<no name provided> modality:FINAL visibility:public/*package*/ superTypes:[kotlin.coroutines.jvm.internal.SuspendLambda; kotlin.jvm.functions.Function2<kotlinx.coroutines.CoroutineScope, kotlin.coroutines.Continuation<kotlin.Unit>?, kotlin.Any?>]
                    thisReceiver: VALUE_PARAMETER INSTANCE_RECEIVER kind:DispatchReceiver name:<this> type:com.project.ui.ObserveAsEventsKt.ObserveAsEvents.<no name provided>.invokeSuspend.<no name provided>
                    FIELD name:label type:kotlin.Int visibility:public/*package*/
                    CONSTRUCTOR SUSPEND_LAMBDA visibility:public/*package*/ returnType:com.project.ui.ObserveAsEventsKt.ObserveAsEvents.<no name provided>.invokeSuspend.<no name provided> [primary]
                      VALUE_PARAMETER BOUND_VALUE_PARAMETER kind:Regular name:$flow index:0 type:kotlinx.coroutines.flow.Flow<T of com.project.ui.ObserveAsEventsKt.ObserveAsEvents>
                      VALUE_PARAMETER BOUND_VALUE_PARAMETER kind:Regular name:$onEvent index:1 type:kotlin.Function1<T of com.project.ui.ObserveAsEventsKt.ObserveAsEvents, kotlin.Unit>
                      VALUE_PARAMETER kind:Regular name:$completion index:2 type:kotlin.coroutines.Continuation<com.project.ui.ObserveAsEventsKt.ObserveAsEvents.<no name provided>.invokeSuspend.<no name provided>>?
                      BLOCK_BODY
                        SET_FIELD 'FIELD FIELD_FOR_CAPTURED_VALUE name:$flow type:kotlinx.coroutines.flow.Flow<T of com.project.ui.ObserveAsEventsKt.ObserveAsEvents> visibility:public/*package*/ [final] declared in com.project.ui.ObserveAsEventsKt.ObserveAsEvents.<no name provided>.invokeSuspend.<no name provided>' type=kotlin.Unit origin=INITIALIZER_OF_FIELD_FOR_CAPTURED_VALUE
                          receiver: GET_VAR '<this>: com.project.ui.ObserveAsEventsKt.ObserveAsEvents.<no name provided>.invokeSuspend.<no name provided> declared in com.project.ui.ObserveAsEventsKt.ObserveAsEvents.<no name provided>.invokeSuspend.<no name provided>' type=com.project.ui.ObserveAsEventsKt.ObserveAsEvents.<no name provided>.invokeSuspend.<no name provided> origin=null
                          value: GET_VAR '$flow: kotlinx.coroutines.flow.Flow<T of com.project.ui.ObserveAsEventsKt.ObserveAsEvents> declared in com.project.ui.ObserveAsEventsKt.ObserveAsEvents.<no name provided>.invokeSuspend.<no name provided>.<init>' type=kotlinx.coroutines.flow.Flow<T of com.project.ui.ObserveAsEventsKt.ObserveAsEvents> origin=null
                        SET_FIELD 'FIELD FIELD_FOR_CAPTURED_VALUE name:$onEvent type:kotlin.Function1<T of com.project.ui.ObserveAsEventsKt.ObserveAsEvents, kotlin.Unit> visibility:public/*package*/ [final] declared in com.project.ui.ObserveAsEventsKt.ObserveAsEvents.<no name provided>.invokeSuspend.<no name provided>' type=kotlin.Unit origin=INITIALIZER_OF_FIELD_FOR_CAPTURED_VALUE
                          receiver: GET_VAR '<this>: com.project.ui.ObserveAsEventsKt.ObserveAsEvents.<no name provided>.invokeSuspend.<no name provided> declared in com.project.ui.ObserveAsEventsKt.ObserveAsEvents.<no name provided>.invokeSuspend.<no name provided>' type=com.project.ui.ObserveAsEventsKt.ObserveAsEvents.<no name provided>.invokeSuspend.<no name provided> origin=null
                          value: GET_VAR '$onEvent: kotlin.Function1<T of com.project.ui.ObserveAsEventsKt.ObserveAsEvents, kotlin.Unit> declared in com.project.ui.ObserveAsEventsKt.ObserveAsEvents.<no name provided>.invokeSuspend.<no name provided>.<init>' type=kotlin.Function1<T of com.project.ui.ObserveAsEventsKt.ObserveAsEvents, kotlin.Unit> origin=null
                        DELEGATING_CONSTRUCTOR_CALL 'public constructor <init> (arity: kotlin.Int, $completion: kotlin.coroutines.Continuation<kotlin.Any?>?) declared in kotlin.coroutines.jvm.internal.SuspendLambda'
                          ARG arity: CONST Int type=kotlin.Int value=2
                          ARG $completion: GET_VAR '$completion: kotlin.coroutines.Continuation<com.project.ui.ObserveAsEventsKt.ObserveAsEvents.<no name provided>.invokeSuspend.<no name provided>>? declared in com.project.ui.ObserveAsEventsKt.ObserveAsEvents.<no name provided>.invokeSuspend.<no name provided>.<init>' type=kotlin.coroutines.Continuation<com.project.ui.ObserveAsEventsKt.ObserveAsEvents.<no name provided>.invokeSuspend.<no name provided>>? origin=null
                        BLOCK type=kotlin.Unit origin=null
                    FUN name:invokeSuspend visibility:public modality:FINAL returnType:kotlin.Any?
                      VALUE_PARAMETER INSTANCE_RECEIVER kind:DispatchReceiver name:<this> index:0 type:com.project.ui.ObserveAsEventsKt.ObserveAsEvents.<no name provided>.invokeSuspend.<no name provided>
                      VALUE_PARAMETER kind:Regular name:$result index:1 type:kotlin.Result<kotlin.Any?>
                      overridden:
                        protected abstract fun invokeSuspend ($result: kotlin.Result<kotlin.Any?>): kotlin.Any? declared in kotlin.coroutines.jvm.internal.SuspendLambda
                      BLOCK_BODY
                        CALL 'public final fun withContext <T> (context: kotlin.coroutines.CoroutineContext, block: @[ExtensionFunctionType] kotlin.coroutines.SuspendFunction1<kotlinx.coroutines.CoroutineScope, T of kotlinx.coroutines.BuildersKt.withContext>, $completion: kotlin.coroutines.Continuation<T of kotlinx.coroutines.BuildersKt.withContext>): kotlin.Any? [suspend] declared in kotlinx.coroutines.BuildersKt' type=kotlin.Unit origin=null
                          TYPE_ARG T: kotlin.Unit
                          ARG context: CALL 'public abstract fun <get-immediate> (): kotlinx.coroutines.MainCoroutineDispatcher declared in kotlinx.coroutines.MainCoroutineDispatcher' type=kotlinx.coroutines.MainCoroutineDispatcher origin=GET_PROPERTY
                            ARG <this>: CALL 'public final fun <get-Main> (): kotlinx.coroutines.MainCoroutineDispatcher declared in kotlinx.coroutines.Dispatchers' type=kotlinx.coroutines.MainCoroutineDispatcher origin=GET_PROPERTY
                          ARG block: BLOCK type=com.project.ui.ObserveAsEventsKt.ObserveAsEvents.<no name provided>.invokeSuspend.<no name provided>.invokeSuspend.<no name provided> origin=null
                            CLASS SUSPEND_LAMBDA CLASS name:<no name provided> modality:FINAL visibility:public/*package*/ superTypes:[kotlin.coroutines.jvm.internal.SuspendLambda; kotlin.jvm.functions.Function2<kotlinx.coroutines.CoroutineScope, kotlin.coroutines.Continuation<kotlin.Unit>?, kotlin.Any?>]
                              thisReceiver: VALUE_PARAMETER INSTANCE_RECEIVER kind:DispatchReceiver name:<this> type:com.project.ui.ObserveAsEventsKt.ObserveAsEvents.<no name provided>.invokeSuspend.<no name provided>.invokeSuspend.<no name provided>
                              FIELD name:label type:kotlin.Int visibility:public/*package*/
                              CONSTRUCTOR SUSPEND_LAMBDA visibility:public/*package*/ returnType:com.project.ui.ObserveAsEventsKt.ObserveAsEvents.<no name provided>.invokeSuspend.<no name provided>.invokeSuspend.<no name provided> [primary]
                                VALUE_PARAMETER BOUND_VALUE_PARAMETER kind:Regular name:$flow index:0 type:kotlinx.coroutines.flow.Flow<T of com.project.ui.ObserveAsEventsKt.ObserveAsEvents>
                                VALUE_PARAMETER BOUND_VALUE_PARAMETER kind:Regular name:$onEvent index:1 type:kotlin.Function1<T of com.project.ui.ObserveAsEventsKt.ObserveAsEvents, kotlin.Unit>
                                VALUE_PARAMETER kind:Regular name:$completion index:2 type:kotlin.coroutines.Continuation<com.project.ui.ObserveAsEventsKt.ObserveAsEvents.<no name provided>.invokeSuspend.<no name provided>.invokeSuspend.<no name provided>>?
                                BLOCK_BODY
                                  SET_FIELD 'FIELD FIELD_FOR_CAPTURED_VALUE name:$flow type:kotlinx.coroutines.flow.Flow<T of com.project.ui.ObserveAsEventsKt.ObserveAsEvents> visibility:public/*package*/ [final] declared in com.project.ui.ObserveAsEventsKt.ObserveAsEvents.<no name provided>.invokeSuspend.<no name provided>.invokeSuspend.<no name provided>' type=kotlin.Unit origin=INITIALIZER_OF_FIELD_FOR_CAPTURED_VALUE
                                    receiver: GET_VAR '<this>: com.project.ui.ObserveAsEventsKt.ObserveAsEvents.<no name provided>.invokeSuspend.<no name provided>.invokeSuspend.<no name provided> declared in com.project.ui.ObserveAsEventsKt.ObserveAsEvents.<no name provided>.invokeSuspend.<no name provided>.invokeSuspend.<no name provided>' type=com.project.ui.ObserveAsEventsKt.ObserveAsEvents.<no name provided>.invokeSuspend.<no name provided>.invokeSuspend.<no name provided> origin=null
                                    value: GET_VAR '$flow: kotlinx.coroutines.flow.Flow<T of com.project.ui.ObserveAsEventsKt.ObserveAsEvents> declared in com.project.ui.ObserveAsEventsKt.ObserveAsEvents.<no name provided>.invokeSuspend.<no name provided>.invokeSuspend.<no name provided>.<init>' type=kotlinx.coroutines.flow.Flow<T of com.project.ui.ObserveAsEventsKt.ObserveAsEvents> origin=null
                                  SET_FIELD 'FIELD FIELD_FOR_CAPTURED_VALUE name:$onEvent type:kotlin.Function1<T of com.project.ui.ObserveAsEventsKt.ObserveAsEvents, kotlin.Unit> visibility:public/*package*/ [final] declared in com.project.ui.ObserveAsEventsKt.ObserveAsEvents.<no name provided>.invokeSuspend.<no name provided>.invokeSuspend.<no name provided>' type=kotlin.Unit origin=INITIALIZER_OF_FIELD_FOR_CAPTURED_VALUE
                                    receiver: GET_VAR '<this>: com.project.ui.ObserveAsEventsKt.ObserveAsEvents.<no name provided>.invokeSuspend.<no name provided>.invokeSuspend.<no name provided> declared in com.project.ui.ObserveAsEventsKt.ObserveAsEvents.<no name provided>.invokeSuspend.<no name provided>.invokeSuspend.<no name provided>' type=com.project.ui.ObserveAsEventsKt.ObserveAsEvents.<no name provided>.invokeSuspend.<no name provided>.invokeSuspend.<no name provided> origin=null
                                    value: GET_VAR '$onEvent: kotlin.Function1<T of com.project.ui.ObserveAsEventsKt.ObserveAsEvents, kotlin.Unit> declared in com.project.ui.ObserveAsEventsKt.ObserveAsEvents.<no name provided>.invokeSuspend.<no name provided>.invokeSuspend.<no name provided>.<init>' type=kotlin.Function1<T of com.project.ui.ObserveAsEventsKt.ObserveAsEvents, kotlin.Unit> origin=null
                                  DELEGATING_CONSTRUCTOR_CALL 'public constructor <init> (arity: kotlin.Int, $completion: kotlin.coroutines.Continuation<kotlin.Any?>?) declared in kotlin.coroutines.jvm.internal.SuspendLambda'
                                    ARG arity: CONST Int type=kotlin.Int value=2
                                    ARG $completion: GET_VAR '$completion: kotlin.coroutines.Continuation<com.project.ui.ObserveAsEventsKt.ObserveAsEvents.<no name provided>.invokeSuspend.<no name provided>.invokeSuspend.<no name provided>>? declared in com.project.ui.ObserveAsEventsKt.ObserveAsEvents.<no name provided>.invokeSuspend.<no name provided>.invokeSuspend.<no name provided>.<init>' type=kotlin.coroutines.Continuation<com.project.ui.ObserveAsEventsKt.ObserveAsEvents.<no name provided>.invokeSuspend.<no name provided>.invokeSuspend.<no name provided>>? origin=null
                                  BLOCK type=kotlin.Unit origin=null
                              FUN name:invokeSuspend visibility:public modality:FINAL returnType:kotlin.Any?
                                VALUE_PARAMETER INSTANCE_RECEIVER kind:DispatchReceiver name:<this> index:0 type:com.project.ui.ObserveAsEventsKt.ObserveAsEvents.<no name provided>.invokeSuspend.<no name provided>.invokeSuspend.<no name provided>
                                VALUE_PARAMETER kind:Regular name:$result index:1 type:kotlin.Result<kotlin.Any?>
                                overridden:
                                  protected abstract fun invokeSuspend ($result: kotlin.Result<kotlin.Any?>): kotlin.Any? declared in kotlin.coroutines.jvm.internal.SuspendLambda
                                BLOCK_BODY
                                  CALL 'public abstract fun collect (collector: kotlinx.coroutines.flow.FlowCollector<T of kotlinx.coroutines.flow.Flow>, $completion: kotlin.coroutines.Continuation<kotlin.Unit>): kotlin.Any? [suspend] declared in kotlinx.coroutines.flow.Flow' type=kotlin.Unit origin=null
                                    ARG <this>: GET_FIELD 'FIELD FIELD_FOR_CAPTURED_VALUE name:$flow type:kotlinx.coroutines.flow.Flow<T of com.project.ui.ObserveAsEventsKt.ObserveAsEvents> visibility:public/*package*/ [final] declared in com.project.ui.ObserveAsEventsKt.ObserveAsEvents.<no name provided>.invokeSuspend.<no name provided>.invokeSuspend.<no name provided>' type=kotlinx.coroutines.flow.Flow<T of com.project.ui.ObserveAsEventsKt.ObserveAsEvents> origin=null
                                      receiver: GET_VAR '<this>: com.project.ui.ObserveAsEventsKt.ObserveAsEvents.<no name provided>.invokeSuspend.<no name provided>.invokeSuspend.<no name provided> declared in com.project.ui.ObserveAsEventsKt.ObserveAsEvents.<no name provided>.invokeSuspend.<no name provided>.invokeSuspend.<no name provided>.invokeSuspend' type=com.project.ui.ObserveAsEventsKt.ObserveAsEvents.<no name provided>.invokeSuspend.<no name provided>.invokeSuspend.<no name provided> origin=null
                                    ARG collector: BLOCK type=kotlinx.coroutines.flow.FlowCollector<T of com.project.ui.ObserveAsEventsKt.ObserveAsEvents> origin=SUSPEND_CONVERSION
                                      COMPOSITE type=kotlin.Unit origin=null
                                      BLOCK type=com.project.ui.ObserveAsEventsKt.ObserveAsEvents.<no name provided>.invokeSuspend.<no name provided>.invokeSuspend.<no name provided>.invokeSuspend.<no name provided> origin=null
                                        VAR IR_TEMPORARY_VARIABLE name:tmp0 type:kotlin.Function1<T of com.project.ui.ObserveAsEventsKt.ObserveAsEvents, kotlin.Unit> [val]
                                          GET_FIELD 'FIELD FIELD_FOR_CAPTURED_VALUE name:$onEvent type:kotlin.Function1<T of com.project.ui.ObserveAsEventsKt.ObserveAsEvents, kotlin.Unit> visibility:public/*package*/ [final] declared in com.project.ui.ObserveAsEventsKt.ObserveAsEvents.<no name provided>.invokeSuspend.<no name provided>.invokeSuspend.<no name provided>' type=kotlin.Function1<T of com.project.ui.ObserveAsEventsKt.ObserveAsEvents, kotlin.Unit> origin=null
                                            receiver: GET_VAR '<this>: com.project.ui.ObserveAsEventsKt.ObserveAsEvents.<no name provided>.invokeSuspend.<no name provided>.invokeSuspend.<no name provided> declared in com.project.ui.ObserveAsEventsKt.ObserveAsEvents.<no name provided>.invokeSuspend.<no name provided>.invokeSuspend.<no name provided>.invokeSuspend' type=com.project.ui.ObserveAsEventsKt.ObserveAsEvents.<no name provided>.invokeSuspend.<no name provided>.invokeSuspend.<no name provided> origin=null
                                        CLASS FUNCTION_REFERENCE_IMPL CLASS name:<no name provided> modality:FINAL visibility:public/*package*/ superTypes:[@[RawType] kotlinx.coroutines.flow.FlowCollector<T of kotlinx.coroutines.flow.FlowCollector>; kotlin.jvm.internal.FunctionAdapter]
                                          thisReceiver: VALUE_PARAMETER INSTANCE_RECEIVER kind:DispatchReceiver name:<this> type:com.project.ui.ObserveAsEventsKt.ObserveAsEvents.<no name provided>.invokeSuspend.<no name provided>.invokeSuspend.<no name provided>.invokeSuspend.<no name provided>
                                          CONSTRUCTOR GENERATED_MEMBER_IN_CALLABLE_REFERENCE visibility:public/*package*/ returnType:com.project.ui.ObserveAsEventsKt.ObserveAsEvents.<no name provided>.invokeSuspend.<no name provided>.invokeSuspend.<no name provided>.invokeSuspend.<no name provided> [primary]
                                            VALUE_PARAMETER BOUND_VALUE_PARAMETER kind:Regular name:$tmp0 index:0 type:kotlin.Function1<T of com.project.ui.ObserveAsEventsKt.ObserveAsEvents, kotlin.Unit>
                                            BLOCK_BODY
                                              SET_FIELD 'FIELD FIELD_FOR_CAPTURED_VALUE name:$tmp0 type:kotlin.Function1<T of com.project.ui.ObserveAsEventsKt.ObserveAsEvents, kotlin.Unit> visibility:public/*package*/ [final] declared in com.project.ui.ObserveAsEventsKt.ObserveAsEvents.<no name provided>.invokeSuspend.<no name provided>.invokeSuspend.<no name provided>.invokeSuspend.<no name provided>' type=kotlin.Unit origin=INITIALIZER_OF_FIELD_FOR_CAPTURED_VALUE
                                                receiver: GET_VAR '<this>: com.project.ui.ObserveAsEventsKt.ObserveAsEvents.<no name provided>.invokeSuspend.<no name provided>.invokeSuspend.<no name provided>.invokeSuspend.<no name provided> declared in com.project.ui.ObserveAsEventsKt.ObserveAsEvents.<no name provided>.invokeSuspend.<no name provided>.invokeSuspend.<no name provided>.invokeSuspend.<no name provided>' type=com.project.ui.ObserveAsEventsKt.ObserveAsEvents.<no name provided>.invokeSuspend.<no name provided>.invokeSuspend.<no name provided>.invokeSuspend.<no name provided> origin=null
                                                value: GET_VAR '$tmp0: kotlin.Function1<T of com.project.ui.ObserveAsEventsKt.ObserveAsEvents, kotlin.Unit> declared in com.project.ui.ObserveAsEventsKt.ObserveAsEvents.<no name provided>.invokeSuspend.<no name provided>.invokeSuspend.<no name provided>.invokeSuspend.<no name provided>.<init>' type=kotlin.Function1<T of com.project.ui.ObserveAsEventsKt.ObserveAsEvents, kotlin.Unit> origin=null
                                              DELEGATING_CONSTRUCTOR_CALL 'public constructor <init> () [primary] declared in kotlin.Any'
                                              BLOCK type=kotlin.Unit origin=null
                                          FUN name:emit visibility:public modality:FINAL returnType:kotlin.Any? [suspend]
                                            VALUE_PARAMETER INSTANCE_RECEIVER kind:DispatchReceiver name:<this> index:0 type:com.project.ui.ObserveAsEventsKt.ObserveAsEvents.<no name provided>.invokeSuspend.<no name provided>.invokeSuspend.<no name provided>.invokeSuspend.<no name provided>
                                            VALUE_PARAMETER kind:Regular name:p0 index:1 type:T of com.project.ui.ObserveAsEventsKt.ObserveAsEvents
                                            VALUE_PARAMETER CONTINUATION_CLASS kind:Regular name:$completion index:2 type:kotlin.coroutines.Continuation<kotlin.Unit>
                                            overridden:
                                              public abstract fun emit (value: T of kotlinx.coroutines.flow.FlowCollector, $completion: kotlin.coroutines.Continuation<kotlin.Unit>): kotlin.Any? [suspend] declared in kotlinx.coroutines.flow.FlowCollector
                                            BLOCK_BODY
                                              CLASS CONTINUATION_CLASS CLASS name:<Continuation> modality:FINAL visibility:public/*package*/ superTypes:[kotlin.coroutines.jvm.internal.ContinuationImpl]
                                                thisReceiver: VALUE_PARAMETER INSTANCE_RECEIVER kind:DispatchReceiver name:<this> type:com.project.ui.ObserveAsEventsKt.ObserveAsEvents.<no name provided>.invokeSuspend.<no name provided>.invokeSuspend.<no name provided>.invokeSuspend.<no name provided>.emit.<Continuation>
                                                FIELD CONTINUATION_CLASS_RESULT_FIELD name:result type:kotlin.Result<kotlin.Any?> visibility:public/*package*/
                                                FIELD FIELD_FOR_OUTER_THIS name:this$0 type:com.project.ui.ObserveAsEventsKt.ObserveAsEvents.<no name provided>.invokeSuspend.<no name provided>.invokeSuspend.<no name provided>.invokeSuspend.<no name provided> visibility:public/*package*/ [final]
                                                FIELD name:label type:kotlin.Int visibility:public/*package*/
                                                CONSTRUCTOR visibility:public/*package*/ returnType:com.project.ui.ObserveAsEventsKt.ObserveAsEvents.<no name provided>.invokeSuspend.<no name provided>.invokeSuspend.<no name provided>.invokeSuspend.<no name provided>.emit.<Continuation> [primary]
                                                  VALUE_PARAMETER kind:Regular name:this$0 index:0 type:com.project.ui.ObserveAsEventsKt.ObserveAsEvents.<no name provided>.invokeSuspend.<no name provided>.invokeSuspend.<no name provided>.invokeSuspend.<no name provided>
                                                  VALUE_PARAMETER kind:Regular name:$completion index:1 type:kotlin.coroutines.Continuation<com.project.ui.ObserveAsEventsKt.ObserveAsEvents.<no name provided>.invokeSuspend.<no name provided>.invokeSuspend.<no name provided>.invokeSuspend.<no name provided>.emit.<Continuation>>?
                                                  BLOCK_BODY
                                                    SET_FIELD 'FIELD FIELD_FOR_OUTER_THIS name:this$0 type:com.project.ui.ObserveAsEventsKt.ObserveAsEvents.<no name provided>.invokeSuspend.<no name provided>.invokeSuspend.<no name provided>.invokeSuspend.<no name provided> visibility:public/*package*/ [final] declared in com.project.ui.ObserveAsEventsKt.ObserveAsEvents.<no name provided>.invokeSuspend.<no name provided>.invokeSuspend.<no name provided>.invokeSuspend.<no name provided>.emit.<Continuation>' type=kotlin.Unit origin=null
                                                      receiver: GET_VAR '<this>: com.project.ui.ObserveAsEventsKt.ObserveAsEvents.<no name provided>.invokeSuspend.<no name provided>.invokeSuspend.<no name provided>.invokeSuspend.<no name provided>.emit.<Continuation> declared in com.project.ui.ObserveAsEventsKt.ObserveAsEvents.<no name provided>.invokeSuspend.<no name provided>.invokeSuspend.<no name provided>.invokeSuspend.<no name provided>.emit.<Continuation>' type=com.project.ui.ObserveAsEventsKt.ObserveAsEvents.<no name provided>.invokeSuspend.<no name provided>.invokeSuspend.<no name provided>.invokeSuspend.<no name provided>.emit.<Continuation> origin=null
                                                      value: GET_VAR 'this$0: com.project.ui.ObserveAsEventsKt.ObserveAsEvents.<no name provided>.invokeSuspend.<no name provided>.invokeSuspend.<no name provided>.invokeSuspend.<no name provided> declared in com.project.ui.ObserveAsEventsKt.ObserveAsEvents.<no name provided>.invokeSuspend.<no name provided>.invokeSuspend.<no name provided>.invokeSuspend.<no name provided>.emit.<Continuation>.<init>' type=com.project.ui.ObserveAsEventsKt.ObserveAsEvents.<no name provided>.invokeSuspend.<no name provided>.invokeSuspend.<no name provided>.invokeSuspend.<no name provided> origin=null
                                                    DELEGATING_CONSTRUCTOR_CALL 'public constructor <init> ($completion: kotlin.coroutines.Continuation<kotlin.Any?>?) declared in kotlin.coroutines.jvm.internal.ContinuationImpl'
                                                      ARG $completion: GET_VAR '$completion: kotlin.coroutines.Continuation<com.project.ui.ObserveAsEventsKt.ObserveAsEvents.<no name provided>.invokeSuspend.<no name provided>.invokeSuspend.<no name provided>.invokeSuspend.<no name provided>.emit.<Continuation>>? declared in com.project.ui.ObserveAsEventsKt.ObserveAsEvents.<no name provided>.invokeSuspend.<no name provided>.invokeSuspend.<no name provided>.invokeSuspend.<no name provided>.emit.<Continuation>.<init>' type=kotlin.coroutines.Continuation<com.project.ui.ObserveAsEventsKt.ObserveAsEvents.<no name provided>.invokeSuspend.<no name provided>.invokeSuspend.<no name provided>.invokeSuspend.<no name provided>.emit.<Continuation>>? origin=null
                                                FUN name:invokeSuspend visibility:public modality:FINAL returnType:kotlin.Any?
                                                  VALUE_PARAMETER INSTANCE_RECEIVER kind:DispatchReceiver name:<this> index:0 type:com.project.ui.ObserveAsEventsKt.ObserveAsEvents.<no name provided>.invokeSuspend.<no name provided>.invokeSuspend.<no name provided>.invokeSuspend.<no name provided>.emit.<Continuation>
                                                  VALUE_PARAMETER kind:Regular name:$result index:1 type:kotlin.Result<kotlin.Any?>
                                                  overridden:
                                                    public abstract fun invokeSuspend ($result: kotlin.Result<kotlin.Any?>): kotlin.Any? declared in kotlin.coroutines.jvm.internal.ContinuationImpl
                                                  BLOCK_BODY
                                                    SET_FIELD 'FIELD CONTINUATION_CLASS_RESULT_FIELD name:result type:kotlin.Result<kotlin.Any?> visibility:public/*package*/ declared in com.project.ui.ObserveAsEventsKt.ObserveAsEvents.<no name provided>.invokeSuspend.<no name provided>.invokeSuspend.<no name provided>.invokeSuspend.<no name provided>.emit.<Continuation>' type=kotlin.Unit origin=null
                                                      receiver: GET_VAR '<this>: com.project.ui.ObserveAsEventsKt.ObserveAsEvents.<no name provided>.invokeSuspend.<no name provided>.invokeSuspend.<no name provided>.invokeSuspend.<no name provided>.emit.<Continuation> declared in com.project.ui.ObserveAsEventsKt.ObserveAsEvents.<no name provided>.invokeSuspend.<no name provided>.invokeSuspend.<no name provided>.invokeSuspend.<no name provided>.emit.<Continuation>.invokeSuspend' type=com.project.ui.ObserveAsEventsKt.ObserveAsEvents.<no name provided>.invokeSuspend.<no name provided>.invokeSuspend.<no name provided>.invokeSuspend.<no name provided>.emit.<Continuation> origin=null
                                                      value: GET_VAR '$result: kotlin.Result<kotlin.Any?> declared in com.project.ui.ObserveAsEventsKt.ObserveAsEvents.<no name provided>.invokeSuspend.<no name provided>.invokeSuspend.<no name provided>.invokeSuspend.<no name provided>.emit.<Continuation>.invokeSuspend' type=kotlin.Result<kotlin.Any?> origin=null
                                                    SET_FIELD 'FIELD name:label type:kotlin.Int visibility:public/*package*/ declared in com.project.ui.ObserveAsEventsKt.ObserveAsEvents.<no name provided>.invokeSuspend.<no name provided>.invokeSuspend.<no name provided>.invokeSuspend.<no name provided>.emit.<Continuation>' type=kotlin.Unit origin=null
                                                      receiver: GET_VAR '<this>: com.project.ui.ObserveAsEventsKt.ObserveAsEvents.<no name provided>.invokeSuspend.<no name provided>.invokeSuspend.<no name provided>.invokeSuspend.<no name provided>.emit.<Continuation> declared in com.project.ui.ObserveAsEventsKt.ObserveAsEvents.<no name provided>.invokeSuspend.<no name provided>.invokeSuspend.<no name provided>.invokeSuspend.<no name provided>.emit.<Continuation>.invokeSuspend' type=com.project.ui.ObserveAsEventsKt.ObserveAsEvents.<no name provided>.invokeSuspend.<no name provided>.invokeSuspend.<no name provided>.invokeSuspend.<no name provided>.emit.<Continuation> origin=null
                                                      value: CALL 'public final fun or (other: kotlin.Int): kotlin.Int [infix] declared in kotlin.Int' type=kotlin.Int origin=null
                                                        ARG <this>: GET_FIELD 'FIELD name:label type:kotlin.Int visibility:public/*package*/ declared in com.project.ui.ObserveAsEventsKt.ObserveAsEvents.<no name provided>.invokeSuspend.<no name provided>.invokeSuspend.<no name provided>.invokeSuspend.<no name provided>.emit.<Continuation>' type=kotlin.Int origin=null
                                                          receiver: GET_VAR '<this>: com.project.ui.ObserveAsEventsKt.ObserveAsEvents.<no name provided>.invokeSuspend.<no name provided>.invokeSuspend.<no name provided>.invokeSuspend.<no name provided>.emit.<Continuation> declared in com.project.ui.ObserveAsEventsKt.ObserveAsEvents.<no name provided>.invokeSuspend.<no name provided>.invokeSuspend.<no name provided>.invokeSuspend.<no name provided>.emit.<Continuation>.invokeSuspend' type=com.project.ui.ObserveAsEventsKt.ObserveAsEvents.<no name provided>.invokeSuspend.<no name provided>.invokeSuspend.<no name provided>.invokeSuspend.<no name provided>.emit.<Continuation> origin=null
                                                        ARG other: CONST Int type=kotlin.Int value=-2147483648
                                                    RETURN type=kotlin.Nothing from='public final fun invokeSuspend ($result: kotlin.Result<kotlin.Any?>): kotlin.Any? declared in com.project.ui.ObserveAsEventsKt.ObserveAsEvents.<no name provided>.invokeSuspend.<no name provided>.invokeSuspend.<no name provided>.invokeSuspend.<no name provided>.emit.<Continuation>'
                                                      CALL 'public final fun emit (p0: T of com.project.ui.ObserveAsEventsKt.ObserveAsEvents, $completion: kotlin.coroutines.Continuation<kotlin.Unit>): kotlin.Any? [suspend] declared in com.project.ui.ObserveAsEventsKt.ObserveAsEvents.<no name provided>.invokeSuspend.<no name provided>.invokeSuspend.<no name provided>.invokeSuspend.<no name provided>' type=kotlin.Any? origin=null
                                                        ARG <this>: GET_FIELD 'FIELD FIELD_FOR_OUTER_THIS name:this$0 type:com.project.ui.ObserveAsEventsKt.ObserveAsEvents.<no name provided>.invokeSuspend.<no name provided>.invokeSuspend.<no name provided>.invokeSuspend.<no name provided> visibility:public/*package*/ [final] declared in com.project.ui.ObserveAsEventsKt.ObserveAsEvents.<no name provided>.invokeSuspend.<no name provided>.invokeSuspend.<no name provided>.invokeSuspend.<no name provided>.emit.<Continuation>' type=com.project.ui.ObserveAsEventsKt.ObserveAsEvents.<no name provided>.invokeSuspend.<no name provided>.invokeSuspend.<no name provided>.invokeSuspend.<no name provided> origin=null
                                                          receiver: GET_VAR '<this>: com.project.ui.ObserveAsEventsKt.ObserveAsEvents.<no name provided>.invokeSuspend.<no name provided>.invokeSuspend.<no name provided>.invokeSuspend.<no name provided>.emit.<Continuation> declared in com.project.ui.ObserveAsEventsKt.ObserveAsEvents.<no name provided>.invokeSuspend.<no name provided>.invokeSuspend.<no name provided>.invokeSuspend.<no name provided>.emit.<Continuation>.invokeSuspend' type=com.project.ui.ObserveAsEventsKt.ObserveAsEvents.<no name provided>.invokeSuspend.<no name provided>.invokeSuspend.<no name provided>.invokeSuspend.<no name provided>.emit.<Continuation> origin=null
                                                        ARG p0: CONST Null type=kotlin.Any? value=null
                                                        ARG $completion: GET_VAR '<this>: com.project.ui.ObserveAsEventsKt.ObserveAsEvents.<no name provided>.invokeSuspend.<no name provided>.invokeSuspend.<no name provided>.invokeSuspend.<no name provided>.emit.<Continuation> declared in com.project.ui.ObserveAsEventsKt.ObserveAsEvents.<no name provided>.invokeSuspend.<no name provided>.invokeSuspend.<no name provided>.invokeSuspend.<no name provided>.emit.<Continuation>.invokeSuspend' type=com.project.ui.ObserveAsEventsKt.ObserveAsEvents.<no name provided>.invokeSuspend.<no name provided>.invokeSuspend.<no name provided>.invokeSuspend.<no name provided>.emit.<Continuation> origin=null
                                              RETURN type=kotlin.Nothing from='public final fun emit (p0: T of com.project.ui.ObserveAsEventsKt.ObserveAsEvents, $completion: kotlin.coroutines.Continuation<kotlin.Unit>): kotlin.Any? [suspend] declared in com.project.ui.ObserveAsEventsKt.ObserveAsEvents.<no name provided>.invokeSuspend.<no name provided>.invokeSuspend.<no name provided>.invokeSuspend.<no name provided>'
                                                CALL 'public final fun access$invokeSuspend$suspendConversion0 <T> ($receiver: kotlin.Function1<T of com.project.ui.ObserveAsEventsKt.ObserveAsEvents.<no name provided>.invokeSuspend.<no name provided>.invokeSuspend.<no name provided>.invokeSuspend$suspendConversion0, kotlin.Unit>, p0: T of com.project.ui.ObserveAsEventsKt.ObserveAsEvents.<no name provided>.invokeSuspend.<no name provided>.invokeSuspend.<no name provided>.invokeSuspend$suspendConversion0, $completion: kotlin.coroutines.Continuation<kotlin.Unit>): kotlin.Any? [suspend] declared in com.project.ui.ObserveAsEventsKt.ObserveAsEvents.<no name provided>.invokeSuspend.<no name provided>.invokeSuspend.<no name provided>' type=kotlin.Unit origin=null
                                                  TYPE_ARG T: T of com.project.ui.ObserveAsEventsKt.ObserveAsEvents
                                                  ARG $receiver: GET_FIELD 'FIELD FIELD_FOR_CAPTURED_VALUE name:$tmp0 type:kotlin.Function1<T of com.project.ui.ObserveAsEventsKt.ObserveAsEvents, kotlin.Unit> visibility:public/*package*/ [final] declared in com.project.ui.ObserveAsEventsKt.ObserveAsEvents.<no name provided>.invokeSuspend.<no name provided>.invokeSuspend.<no name provided>.invokeSuspend.<no name provided>' type=kotlin.Function1<T of com.project.ui.ObserveAsEventsKt.ObserveAsEvents, kotlin.Unit> origin=null
                                                    receiver: GET_VAR '<this>: com.project.ui.ObserveAsEventsKt.ObserveAsEvents.<no name provided>.invokeSuspend.<no name provided>.invokeSuspend.<no name provided>.invokeSuspend.<no name provided> declared in com.project.ui.ObserveAsEventsKt.ObserveAsEvents.<no name provided>.invokeSuspend.<no name provided>.invokeSuspend.<no name provided>.invokeSuspend.<no name provided>.emit' type=com.project.ui.ObserveAsEventsKt.ObserveAsEvents.<no name provided>.invokeSuspend.<no name provided>.invokeSuspend.<no name provided>.invokeSuspend.<no name provided> origin=null
                                                  ARG p0: GET_VAR 'p0: T of com.project.ui.ObserveAsEventsKt.ObserveAsEvents declared in com.project.ui.ObserveAsEventsKt.ObserveAsEvents.<no name provided>.invokeSuspend.<no name provided>.invokeSuspend.<no name provided>.invokeSuspend.<no name provided>.emit' type=T of com.project.ui.ObserveAsEventsKt.ObserveAsEvents origin=null
                                                  ARG $completion: GET_VAR '$completion: kotlin.coroutines.Continuation<kotlin.Unit> declared in com.project.ui.ObserveAsEventsKt.ObserveAsEvents.<no name provided>.invokeSuspend.<no name provided>.invokeSuspend.<no name provided>.invokeSuspend.<no name provided>.emit' type=kotlin.coroutines.Continuation<kotlin.Unit> origin=null
                                          FUN name:getFunctionDelegate visibility:public modality:FINAL returnType:kotlin.Function<*>
                                            VALUE_PARAMETER INSTANCE_RECEIVER kind:DispatchReceiver name:<this> index:0 type:com.project.ui.ObserveAsEventsKt.ObserveAsEvents.<no name provided>.invokeSuspend.<no name provided>.invokeSuspend.<no name provided>.invokeSuspend.<no name provided>
                                            overridden:
                                              public abstract fun getFunctionDelegate (): kotlin.Function<*> declared in kotlin.jvm.internal.FunctionAdapter
                                            BLOCK_BODY
                                              RETURN type=kotlin.Nothing from='public final fun getFunctionDelegate (): kotlin.Function<*> declared in com.project.ui.ObserveAsEventsKt.ObserveAsEvents.<no name provided>.invokeSuspend.<no name provided>.invokeSuspend.<no name provided>.invokeSuspend.<no name provided>'
                                                CONSTRUCTOR_CALL 'public constructor <init> (arity: kotlin.Int, receiver: kotlin.Any?, owner: java.lang.Class<*>, name: kotlin.String, signature: kotlin.String, flags: kotlin.Int) declared in kotlin.jvm.internal.FunctionReferenceImpl' type=kotlin.jvm.internal.FunctionReferenceImpl origin=null
                                                  ARG arity: CONST Int type=kotlin.Int value=2
                                                  ARG receiver: GET_FIELD 'FIELD FIELD_FOR_CAPTURED_VALUE name:$tmp0 type:kotlin.Function1<T of com.project.ui.ObserveAsEventsKt.ObserveAsEvents, kotlin.Unit> visibility:public/*package*/ [final] declared in com.project.ui.ObserveAsEventsKt.ObserveAsEvents.<no name provided>.invokeSuspend.<no name provided>.invokeSuspend.<no name provided>.invokeSuspend.<no name provided>' type=kotlin.Function1<T of com.project.ui.ObserveAsEventsKt.ObserveAsEvents, kotlin.Unit> origin=null
                                                    receiver: GET_VAR '<this>: com.project.ui.ObserveAsEventsKt.ObserveAsEvents.<no name provided>.invokeSuspend.<no name provided>.invokeSuspend.<no name provided>.invokeSuspend.<no name provided> declared in com.project.ui.ObserveAsEventsKt.ObserveAsEvents.<no name provided>.invokeSuspend.<no name provided>.invokeSuspend.<no name provided>.invokeSuspend.<no name provided>.getFunctionDelegate' type=com.project.ui.ObserveAsEventsKt.ObserveAsEvents.<no name provided>.invokeSuspend.<no name provided>.invokeSuspend.<no name provided>.invokeSuspend.<no name provided> origin=null
                                                  ARG owner: CALL 'public final fun <get-java> ($receiver: kotlin.reflect.KClass<*>): java.lang.Class<*> declared in kotlin.jvm.JvmClassMappingKt' type=java.lang.Class<*> origin=GET_PROPERTY
                                                    ARG $receiver: CLASS_REFERENCE 'CLASS IR_EXTERNAL_DECLARATION_STUB INTERFACE name:KClass modality:ABSTRACT visibility:public superTypes:[kotlin.reflect.KDeclarationContainer; kotlin.reflect.KAnnotatedElement; kotlin.reflect.KClassifier]' type=kotlin.reflect.KClass<*>
                                                  ARG name: CONST String type=kotlin.String value="suspendConversion0"
                                                  ARG signature: CALL 'public final fun <signature-string> (v: kotlin.Any?): kotlin.String declared in kotlin.jvm.internal' type=kotlin.String origin=null
                                                    ARG v: FUNCTION_REFERENCE 'private final fun invokeSuspend$suspendConversion0 <T> ($callee: kotlin.Function1<T of com.project.ui.ObserveAsEventsKt.ObserveAsEvents.<no name provided>.invokeSuspend.<no name provided>.invokeSuspend.<no name provided>.invokeSuspend$suspendConversion0, kotlin.Unit>, p0: T of com.project.ui.ObserveAsEventsKt.ObserveAsEvents.<no name provided>.invokeSuspend.<no name provided>.invokeSuspend.<no name provided>.invokeSuspend$suspendConversion0, $completion: kotlin.coroutines.Continuation<kotlin.Unit>): kotlin.Any? [suspend] declared in com.project.ui.ObserveAsEventsKt.ObserveAsEvents.<no name provided>.invokeSuspend.<no name provided>.invokeSuspend.<no name provided>' type=kotlin.coroutines.SuspendFunction1<T of com.project.ui.ObserveAsEventsKt.ObserveAsEvents, kotlin.Unit> origin=null reflectionTarget=null
                                                      TYPE_ARG T: T of com.project.ui.ObserveAsEventsKt.ObserveAsEvents
                                                  ARG flags: CONST Int type=kotlin.Int value=0
                                          FUN name:equals visibility:public modality:FINAL returnType:kotlin.Boolean
                                            VALUE_PARAMETER INSTANCE_RECEIVER kind:DispatchReceiver name:<this> index:0 type:com.project.ui.ObserveAsEventsKt.ObserveAsEvents.<no name provided>.invokeSuspend.<no name provided>.invokeSuspend.<no name provided>.invokeSuspend.<no name provided>
                                            VALUE_PARAMETER kind:Regular name:other index:1 type:kotlin.Any?
                                            overridden:
                                              public open fun equals (other: kotlin.Any?): kotlin.Boolean [fake_override,operator] declared in kotlinx.coroutines.flow.FlowCollector
                                            BLOCK_BODY
                                              RETURN type=kotlin.Nothing from='public final fun equals (other: kotlin.Any?): kotlin.Boolean declared in com.project.ui.ObserveAsEventsKt.ObserveAsEvents.<no name provided>.invokeSuspend.<no name provided>.invokeSuspend.<no name provided>.invokeSuspend.<no name provided>'
                                                WHEN type=kotlin.Boolean origin=null
                                                  BRANCH
                                                    if: TYPE_OP type=kotlin.Boolean origin=INSTANCEOF typeOperand=@[RawType] kotlinx.coroutines.flow.FlowCollector<T of kotlinx.coroutines.flow.FlowCollector>
                                                      GET_VAR 'other: kotlin.Any? declared in com.project.ui.ObserveAsEventsKt.ObserveAsEvents.<no name provided>.invokeSuspend.<no name provided>.invokeSuspend.<no name provided>.invokeSuspend.<no name provided>.equals' type=kotlin.Any? origin=null
                                                    then: WHEN type=kotlin.Boolean origin=null
                                                      BRANCH
                                                        if: TYPE_OP type=kotlin.Boolean origin=INSTANCEOF typeOperand=kotlin.jvm.internal.FunctionAdapter
                                                          GET_VAR 'other: kotlin.Any? declared in com.project.ui.ObserveAsEventsKt.ObserveAsEvents.<no name provided>.invokeSuspend.<no name provided>.invokeSuspend.<no name provided>.invokeSuspend.<no name provided>.equals' type=kotlin.Any? origin=null
                                                        then: CALL 'public final fun EQEQ (arg0: kotlin.Any?, arg1: kotlin.Any?): kotlin.Boolean declared in kotlin.internal.ir' type=kotlin.Boolean origin=EQEQ
                                                          ARG arg0: CALL 'public abstract fun getFunctionDelegate (): kotlin.Function<*> declared in kotlin.jvm.internal.FunctionAdapter' type=kotlin.Function<*> origin=null
                                                            ARG <this>: GET_VAR '<this>: com.project.ui.ObserveAsEventsKt.ObserveAsEvents.<no name provided>.invokeSuspend.<no name provided>.invokeSuspend.<no name provided>.invokeSuspend.<no name provided> declared in com.project.ui.ObserveAsEventsKt.ObserveAsEvents.<no name provided>.invokeSuspend.<no name provided>.invokeSuspend.<no name provided>.invokeSuspend.<no name provided>.equals' type=com.project.ui.ObserveAsEventsKt.ObserveAsEvents.<no name provided>.invokeSuspend.<no name provided>.invokeSuspend.<no name provided>.invokeSuspend.<no name provided> origin=null
                                                          ARG arg1: CALL 'public abstract fun getFunctionDelegate (): kotlin.Function<*> declared in kotlin.jvm.internal.FunctionAdapter' type=kotlin.Function<*> origin=null
                                                            ARG <this>: TYPE_OP type=kotlin.jvm.internal.FunctionAdapter origin=IMPLICIT_CAST typeOperand=kotlin.jvm.internal.FunctionAdapter
                                                              GET_VAR 'other: kotlin.Any? declared in com.project.ui.ObserveAsEventsKt.ObserveAsEvents.<no name provided>.invokeSuspend.<no name provided>.invokeSuspend.<no name provided>.invokeSuspend.<no name provided>.equals' type=kotlin.Any? origin=null
                                                      BRANCH
                                                        if: CONST Boolean type=kotlin.Boolean value=true
                                                        then: CONST Boolean type=kotlin.Boolean value=false
                                                  BRANCH
                                                    if: CONST Boolean type=kotlin.Boolean value=true
                                                    then: CONST Boolean type=kotlin.Boolean value=false
                                          FUN name:hashCode visibility:public modality:FINAL returnType:kotlin.Int
                                            VALUE_PARAMETER INSTANCE_RECEIVER kind:DispatchReceiver name:<this> index:0 type:com.project.ui.ObserveAsEventsKt.ObserveAsEvents.<no name provided>.invokeSuspend.<no name provided>.invokeSuspend.<no name provided>.invokeSuspend.<no name provided>
                                            overridden:
                                              public open fun hashCode (): kotlin.Int [fake_override] declared in kotlinx.coroutines.flow.FlowCollector
                                            BLOCK_BODY
                                              RETURN type=kotlin.Nothing from='public final fun hashCode (): kotlin.Int declared in com.project.ui.ObserveAsEventsKt.ObserveAsEvents.<no name provided>.invokeSuspend.<no name provided>.invokeSuspend.<no name provided>.invokeSuspend.<no name provided>'
                                                CALL 'public open fun hashCode (): kotlin.Int declared in kotlin.Any' type=kotlin.Int origin=null
                                                  ARG <this>: CALL 'public abstract fun getFunctionDelegate (): kotlin.Function<*> declared in kotlin.jvm.internal.FunctionAdapter' type=kotlin.Function<*> origin=null
                                                    ARG <this>: GET_VAR '<this>: com.project.ui.ObserveAsEventsKt.ObserveAsEvents.<no name provided>.invokeSuspend.<no name provided>.invokeSuspend.<no name provided>.invokeSuspend.<no name provided> declared in com.project.ui.ObserveAsEventsKt.ObserveAsEvents.<no name provided>.invokeSuspend.<no name provided>.invokeSuspend.<no name provided>.invokeSuspend.<no name provided>.hashCode' type=com.project.ui.ObserveAsEventsKt.ObserveAsEvents.<no name provided>.invokeSuspend.<no name provided>.invokeSuspend.<no name provided>.invokeSuspend.<no name provided> origin=null
                                          FUN FAKE_OVERRIDE name:toString visibility:public modality:OPEN returnType:kotlin.String [fake_override]
                                            VALUE_PARAMETER kind:DispatchReceiver name:<this> index:0 type:kotlin.Any
                                            overridden:
                                              public open fun toString (): kotlin.String [fake_override] declared in kotlinx.coroutines.flow.FlowCollector
                                          FIELD FIELD_FOR_CAPTURED_VALUE name:$tmp0 type:kotlin.Function1<T of com.project.ui.ObserveAsEventsKt.ObserveAsEvents, kotlin.Unit> visibility:public/*package*/ [final]
                                        CONSTRUCTOR_CALL 'public/*package*/ constructor <init> ($tmp0: kotlin.Function1<T of com.project.ui.ObserveAsEventsKt.ObserveAsEvents, kotlin.Unit>) [primary] declared in com.project.ui.ObserveAsEventsKt.ObserveAsEvents.<no name provided>.invokeSuspend.<no name provided>.invokeSuspend.<no name provided>.invokeSuspend.<no name provided>' type=com.project.ui.ObserveAsEventsKt.ObserveAsEvents.<no name provided>.invokeSuspend.<no name provided>.invokeSuspend.<no name provided>.invokeSuspend.<no name provided> origin=null
                                          ARG $tmp0: GET_VAR 'val tmp0: kotlin.Function1<T of com.project.ui.ObserveAsEventsKt.ObserveAsEvents, kotlin.Unit> [val] declared in com.project.ui.ObserveAsEventsKt.ObserveAsEvents.<no name provided>.invokeSuspend.<no name provided>.invokeSuspend.<no name provided>.invokeSuspend' type=kotlin.Function1<T of com.project.ui.ObserveAsEventsKt.ObserveAsEvents, kotlin.Unit> origin=null
                                    ARG $completion: GET_VAR '<this>: com.project.ui.ObserveAsEventsKt.ObserveAsEvents.<no name provided>.invokeSuspend.<no name provided>.invokeSuspend.<no name provided> declared in com.project.ui.ObserveAsEventsKt.ObserveAsEvents.<no name provided>.invokeSuspend.<no name provided>.invokeSuspend.<no name provided>.invokeSuspend' type=com.project.ui.ObserveAsEventsKt.ObserveAsEvents.<no name provided>.invokeSuspend.<no name provided>.invokeSuspend.<no name provided> origin=null
                              FUN name:create visibility:public modality:FINAL returnType:kotlin.coroutines.Continuation<kotlin.Unit>
                                VALUE_PARAMETER INSTANCE_RECEIVER kind:DispatchReceiver name:<this> index:0 type:com.project.ui.ObserveAsEventsKt.ObserveAsEvents.<no name provided>.invokeSuspend.<no name provided>.invokeSuspend.<no name provided>
                                VALUE_PARAMETER kind:Regular name:value index:1 type:kotlin.Any?
                                VALUE_PARAMETER kind:Regular name:$completion index:2 type:kotlin.coroutines.Continuation<kotlin.Nothing>
                                overridden:
                                  public open fun create (value: kotlin.Any?, $completion: kotlin.coroutines.Continuation<kotlin.Nothing>): kotlin.coroutines.Continuation<kotlin.Unit> declared in kotlin.coroutines.jvm.internal.SuspendLambda
                                BLOCK_BODY
                                  RETURN type=kotlin.Nothing from='public final fun create (value: kotlin.Any?, $completion: kotlin.coroutines.Continuation<kotlin.Nothing>): kotlin.coroutines.Continuation<kotlin.Unit> declared in com.project.ui.ObserveAsEventsKt.ObserveAsEvents.<no name provided>.invokeSuspend.<no name provided>.invokeSuspend.<no name provided>'
                                    CONSTRUCTOR_CALL 'public/*package*/ constructor <init> ($flow: kotlinx.coroutines.flow.Flow<T of com.project.ui.ObserveAsEventsKt.ObserveAsEvents>, $onEvent: kotlin.Function1<T of com.project.ui.ObserveAsEventsKt.ObserveAsEvents, kotlin.Unit>, $completion: kotlin.coroutines.Continuation<com.project.ui.ObserveAsEventsKt.ObserveAsEvents.<no name provided>.invokeSuspend.<no name provided>.invokeSuspend.<no name provided>>?) [primary] declared in com.project.ui.ObserveAsEventsKt.ObserveAsEvents.<no name provided>.invokeSuspend.<no name provided>.invokeSuspend.<no name provided>' type=com.project.ui.ObserveAsEventsKt.ObserveAsEvents.<no name provided>.invokeSuspend.<no name provided>.invokeSuspend.<no name provided> origin=null
                                      ARG $flow: GET_FIELD 'FIELD FIELD_FOR_CAPTURED_VALUE name:$flow type:kotlinx.coroutines.flow.Flow<T of com.project.ui.ObserveAsEventsKt.ObserveAsEvents> visibility:public/*package*/ [final] declared in com.project.ui.ObserveAsEventsKt.ObserveAsEvents.<no name provided>.invokeSuspend.<no name provided>.invokeSuspend.<no name provided>' type=kotlinx.coroutines.flow.Flow<T of com.project.ui.ObserveAsEventsKt.ObserveAsEvents> origin=null
                                        receiver: GET_VAR '<this>: com.project.ui.ObserveAsEventsKt.ObserveAsEvents.<no name provided>.invokeSuspend.<no name provided>.invokeSuspend.<no name provided> declared in com.project.ui.ObserveAsEventsKt.ObserveAsEvents.<no name provided>.invokeSuspend.<no name provided>.invokeSuspend.<no name provided>.create' type=com.project.ui.ObserveAsEventsKt.ObserveAsEvents.<no name provided>.invokeSuspend.<no name provided>.invokeSuspend.<no name provided> origin=null
                                      ARG $onEvent: GET_FIELD 'FIELD FIELD_FOR_CAPTURED_VALUE name:$onEvent type:kotlin.Function1<T of com.project.ui.ObserveAsEventsKt.ObserveAsEvents, kotlin.Unit> visibility:public/*package*/ [final] declared in com.project.ui.ObserveAsEventsKt.ObserveAsEvents.<no name provided>.invokeSuspend.<no name provided>.invokeSuspend.<no name provided>' type=kotlin.Function1<T of com.project.ui.ObserveAsEventsKt.ObserveAsEvents, kotlin.Unit> origin=null
                                        receiver: GET_VAR '<this>: com.project.ui.ObserveAsEventsKt.ObserveAsEvents.<no name provided>.invokeSuspend.<no name provided>.invokeSuspend.<no name provided> declared in com.project.ui.ObserveAsEventsKt.ObserveAsEvents.<no name provided>.invokeSuspend.<no name provided>.invokeSuspend.<no name provided>.create' type=com.project.ui.ObserveAsEventsKt.ObserveAsEvents.<no name provided>.invokeSuspend.<no name provided>.invokeSuspend.<no name provided> origin=null
                                      ARG $completion: GET_VAR '$completion: kotlin.coroutines.Continuation<kotlin.Nothing> declared in com.project.ui.ObserveAsEventsKt.ObserveAsEvents.<no name provided>.invokeSuspend.<no name provided>.invokeSuspend.<no name provided>.create' type=kotlin.coroutines.Continuation<kotlin.Nothing> origin=null
                              FUN name:invoke visibility:public modality:FINAL returnType:kotlin.Any?
                                VALUE_PARAMETER INSTANCE_RECEIVER kind:DispatchReceiver name:<this> index:0 type:com.project.ui.ObserveAsEventsKt.ObserveAsEvents.<no name provided>.invokeSuspend.<no name provided>.invokeSuspend.<no name provided>
                                VALUE_PARAMETER kind:Regular name:p1 index:1 type:kotlinx.coroutines.CoroutineScope
                                VALUE_PARAMETER kind:Regular name:p2 index:2 type:kotlin.coroutines.Continuation<kotlin.Unit>?
                                overridden:
                                  public abstract fun invoke (p1: P1 of kotlin.jvm.functions.Function2, p2: P2 of kotlin.jvm.functions.Function2): R of kotlin.jvm.functions.Function2 declared in kotlin.jvm.functions.Function2
                                BLOCK_BODY
                                  RETURN type=kotlin.Nothing from='public final fun invoke (p1: kotlinx.coroutines.CoroutineScope, p2: kotlin.coroutines.Continuation<kotlin.Unit>?): kotlin.Any? declared in com.project.ui.ObserveAsEventsKt.ObserveAsEvents.<no name provided>.invokeSuspend.<no name provided>.invokeSuspend.<no name provided>'
                                    CALL 'public final fun invokeSuspend ($result: kotlin.Result<kotlin.Any?>): kotlin.Any? declared in com.project.ui.ObserveAsEventsKt.ObserveAsEvents.<no name provided>.invokeSuspend.<no name provided>.invokeSuspend.<no name provided>' type=kotlin.Any? origin=null
                                      ARG <this>: TYPE_OP type=com.project.ui.ObserveAsEventsKt.ObserveAsEvents.<no name provided>.invokeSuspend.<no name provided>.invokeSuspend.<no name provided> origin=IMPLICIT_CAST typeOperand=com.project.ui.ObserveAsEventsKt.ObserveAsEvents.<no name provided>.invokeSuspend.<no name provided>.invokeSuspend.<no name provided>
                                        CALL 'public final fun create (value: kotlin.Any?, $completion: kotlin.coroutines.Continuation<kotlin.Nothing>): kotlin.coroutines.Continuation<kotlin.Unit> declared in com.project.ui.ObserveAsEventsKt.ObserveAsEvents.<no name provided>.invokeSuspend.<no name provided>.invokeSuspend.<no name provided>' type=kotlin.coroutines.Continuation<kotlin.Unit> origin=null
                                          ARG <this>: GET_VAR '<this>: com.project.ui.ObserveAsEventsKt.ObserveAsEvents.<no name provided>.invokeSuspend.<no name provided>.invokeSuspend.<no name provided> declared in com.project.ui.ObserveAsEventsKt.ObserveAsEvents.<no name provided>.invokeSuspend.<no name provided>.invokeSuspend.<no name provided>.invoke' type=com.project.ui.ObserveAsEventsKt.ObserveAsEvents.<no name provided>.invokeSuspend.<no name provided>.invokeSuspend.<no name provided> origin=null
                                          ARG value: GET_VAR 'p1: kotlinx.coroutines.CoroutineScope declared in com.project.ui.ObserveAsEventsKt.ObserveAsEvents.<no name provided>.invokeSuspend.<no name provided>.invokeSuspend.<no name provided>.invoke' type=kotlinx.coroutines.CoroutineScope origin=null
                                          ARG $completion: GET_VAR 'p2: kotlin.coroutines.Continuation<kotlin.Unit>? declared in com.project.ui.ObserveAsEventsKt.ObserveAsEvents.<no name provided>.invokeSuspend.<no name provided>.invokeSuspend.<no name provided>.invoke' type=kotlin.coroutines.Continuation<kotlin.Unit>? origin=null
                                      ARG $result: CALL 'public final fun <unsafe-coerce> <T, R> (v: T of kotlin.jvm.internal.<unsafe-coerce>): R of kotlin.jvm.internal.<unsafe-coerce> declared in kotlin.jvm.internal' type=kotlin.Result<kotlin.Any?> origin=null
                                        TYPE_ARG T: kotlin.Any?
                                        TYPE_ARG R: kotlin.Result<kotlin.Any?>
                                        ARG v: GET_FIELD 'FIELD FIELD_FOR_OBJECT_INSTANCE name:INSTANCE type:kotlin.Unit visibility:public [final,static] declared in kotlin.Unit' type=kotlin.Unit origin=null
                              FIELD FIELD_FOR_CAPTURED_VALUE name:$flow type:kotlinx.coroutines.flow.Flow<T of com.project.ui.ObserveAsEventsKt.ObserveAsEvents> visibility:public/*package*/ [final]
                              FIELD FIELD_FOR_CAPTURED_VALUE name:$onEvent type:kotlin.Function1<T of com.project.ui.ObserveAsEventsKt.ObserveAsEvents, kotlin.Unit> visibility:public/*package*/ [final]
                              FUN ADAPTER_FOR_SUSPEND_CONVERSION name:invokeSuspend$suspendConversion0 visibility:private modality:FINAL returnType:kotlin.Any? [suspend]
                                TYPE_PARAMETER name:T index:0 variance: superTypes:[kotlin.Any?] reified:false
                                VALUE_PARAMETER ADAPTER_PARAMETER_FOR_SUSPEND_CONVERSION kind:ExtensionReceiver name:$callee index:0 type:kotlin.Function1<T of com.project.ui.ObserveAsEventsKt.ObserveAsEvents.<no name provided>.invokeSuspend.<no name provided>.invokeSuspend.<no name provided>.invokeSuspend$suspendConversion0, kotlin.Unit>
                                VALUE_PARAMETER ADAPTER_PARAMETER_FOR_SUSPEND_CONVERSION kind:Regular name:p0 index:1 type:T of com.project.ui.ObserveAsEventsKt.ObserveAsEvents.<no name provided>.invokeSuspend.<no name provided>.invokeSuspend.<no name provided>.invokeSuspend$suspendConversion0
                                VALUE_PARAMETER CONTINUATION_CLASS kind:Regular name:$completion index:2 type:kotlin.coroutines.Continuation<kotlin.Unit>
                                BLOCK_BODY
                                  CLASS CONTINUATION_CLASS CLASS name:<Continuation> modality:FINAL visibility:public/*package*/ superTypes:[kotlin.coroutines.jvm.internal.ContinuationImpl]
                                    thisReceiver: VALUE_PARAMETER INSTANCE_RECEIVER kind:DispatchReceiver name:<this> type:com.project.ui.ObserveAsEventsKt.ObserveAsEvents.<no name provided>.invokeSuspend.<no name provided>.invokeSuspend.<no name provided>.invokeSuspend$suspendConversion0.<Continuation>
                                    TYPE_PARAMETER name:T index:0 variance: superTypes:[kotlin.Any?] reified:false
                                    FIELD CONTINUATION_CLASS_RESULT_FIELD name:result type:kotlin.Result<kotlin.Any?> visibility:public/*package*/
                                    FIELD name:label type:kotlin.Int visibility:public/*package*/
                                    CONSTRUCTOR visibility:public/*package*/ returnType:com.project.ui.ObserveAsEventsKt.ObserveAsEvents.<no name provided>.invokeSuspend.<no name provided>.invokeSuspend.<no name provided>.invokeSuspend$suspendConversion0.<Continuation> [primary]
                                      VALUE_PARAMETER kind:Regular name:$completion index:0 type:kotlin.coroutines.Continuation<com.project.ui.ObserveAsEventsKt.ObserveAsEvents.<no name provided>.invokeSuspend.<no name provided>.invokeSuspend.<no name provided>.invokeSuspend$suspendConversion0.<Continuation>>?
                                      BLOCK_BODY
                                        DELEGATING_CONSTRUCTOR_CALL 'public constructor <init> ($completion: kotlin.coroutines.Continuation<kotlin.Any?>?) declared in kotlin.coroutines.jvm.internal.ContinuationImpl'
                                          ARG $completion: GET_VAR '$completion: kotlin.coroutines.Continuation<com.project.ui.ObserveAsEventsKt.ObserveAsEvents.<no name provided>.invokeSuspend.<no name provided>.invokeSuspend.<no name provided>.invokeSuspend$suspendConversion0.<Continuation>>? declared in com.project.ui.ObserveAsEventsKt.ObserveAsEvents.<no name provided>.invokeSuspend.<no name provided>.invokeSuspend.<no name provided>.invokeSuspend$suspendConversion0.<Continuation>.<init>' type=kotlin.coroutines.Continuation<com.project.ui.ObserveAsEventsKt.ObserveAsEvents.<no name provided>.invokeSuspend.<no name provided>.invokeSuspend.<no name provided>.invokeSuspend$suspendConversion0.<Continuation>>? origin=null
                                    FUN name:invokeSuspend visibility:public modality:FINAL returnType:kotlin.Any?
                                      VALUE_PARAMETER INSTANCE_RECEIVER kind:DispatchReceiver name:<this> index:0 type:com.project.ui.ObserveAsEventsKt.ObserveAsEvents.<no name provided>.invokeSuspend.<no name provided>.invokeSuspend.<no name provided>.invokeSuspend$suspendConversion0.<Continuation>
                                      VALUE_PARAMETER kind:Regular name:$result index:1 type:kotlin.Result<kotlin.Any?>
                                      overridden:
                                        public abstract fun invokeSuspend ($result: kotlin.Result<kotlin.Any?>): kotlin.Any? declared in kotlin.coroutines.jvm.internal.ContinuationImpl
                                      BLOCK_BODY
                                        SET_FIELD 'FIELD CONTINUATION_CLASS_RESULT_FIELD name:result type:kotlin.Result<kotlin.Any?> visibility:public/*package*/ declared in com.project.ui.ObserveAsEventsKt.ObserveAsEvents.<no name provided>.invokeSuspend.<no name provided>.invokeSuspend.<no name provided>.invokeSuspend$suspendConversion0.<Continuation>' type=kotlin.Unit origin=null
                                          receiver: GET_VAR '<this>: com.project.ui.ObserveAsEventsKt.ObserveAsEvents.<no name provided>.invokeSuspend.<no name provided>.invokeSuspend.<no name provided>.invokeSuspend$suspendConversion0.<Continuation> declared in com.project.ui.ObserveAsEventsKt.ObserveAsEvents.<no name provided>.invokeSuspend.<no name provided>.invokeSuspend.<no name provided>.invokeSuspend$suspendConversion0.<Continuation>.invokeSuspend' type=com.project.ui.ObserveAsEventsKt.ObserveAsEvents.<no name provided>.invokeSuspend.<no name provided>.invokeSuspend.<no name provided>.invokeSuspend$suspendConversion0.<Continuation> origin=null
                                          value: GET_VAR '$result: kotlin.Result<kotlin.Any?> declared in com.project.ui.ObserveAsEventsKt.ObserveAsEvents.<no name provided>.invokeSuspend.<no name provided>.invokeSuspend.<no name provided>.invokeSuspend$suspendConversion0.<Continuation>.invokeSuspend' type=kotlin.Result<kotlin.Any?> origin=null
                                        SET_FIELD 'FIELD name:label type:kotlin.Int visibility:public/*package*/ declared in com.project.ui.ObserveAsEventsKt.ObserveAsEvents.<no name provided>.invokeSuspend.<no name provided>.invokeSuspend.<no name provided>.invokeSuspend$suspendConversion0.<Continuation>' type=kotlin.Unit origin=null
                                          receiver: GET_VAR '<this>: com.project.ui.ObserveAsEventsKt.ObserveAsEvents.<no name provided>.invokeSuspend.<no name provided>.invokeSuspend.<no name provided>.invokeSuspend$suspendConversion0.<Continuation> declared in com.project.ui.ObserveAsEventsKt.ObserveAsEvents.<no name provided>.invokeSuspend.<no name provided>.invokeSuspend.<no name provided>.invokeSuspend$suspendConversion0.<Continuation>.invokeSuspend' type=com.project.ui.ObserveAsEventsKt.ObserveAsEvents.<no name provided>.invokeSuspend.<no name provided>.invokeSuspend.<no name provided>.invokeSuspend$suspendConversion0.<Continuation> origin=null
                                          value: CALL 'public final fun or (other: kotlin.Int): kotlin.Int [infix] declared in kotlin.Int' type=kotlin.Int origin=null
                                            ARG <this>: GET_FIELD 'FIELD name:label type:kotlin.Int visibility:public/*package*/ declared in com.project.ui.ObserveAsEventsKt.ObserveAsEvents.<no name provided>.invokeSuspend.<no name provided>.invokeSuspend.<no name provided>.invokeSuspend$suspendConversion0.<Continuation>' type=kotlin.Int origin=null
                                              receiver: GET_VAR '<this>: com.project.ui.ObserveAsEventsKt.ObserveAsEvents.<no name provided>.invokeSuspend.<no name provided>.invokeSuspend.<no name provided>.invokeSuspend$suspendConversion0.<Continuation> declared in com.project.ui.ObserveAsEventsKt.ObserveAsEvents.<no name provided>.invokeSuspend.<no name provided>.invokeSuspend.<no name provided>.invokeSuspend$suspendConversion0.<Continuation>.invokeSuspend' type=com.project.ui.ObserveAsEventsKt.ObserveAsEvents.<no name provided>.invokeSuspend.<no name provided>.invokeSuspend.<no name provided>.invokeSuspend$suspendConversion0.<Continuation> origin=null
                                            ARG other: CONST Int type=kotlin.Int value=-2147483648
                                        RETURN type=kotlin.Nothing from='public final fun invokeSuspend ($result: kotlin.Result<kotlin.Any?>): kotlin.Any? declared in com.project.ui.ObserveAsEventsKt.ObserveAsEvents.<no name provided>.invokeSuspend.<no name provided>.invokeSuspend.<no name provided>.invokeSuspend$suspendConversion0.<Continuation>'
                                          CALL 'public final fun access$invokeSuspend$suspendConversion0 <T> ($receiver: kotlin.Function1<T of com.project.ui.ObserveAsEventsKt.ObserveAsEvents.<no name provided>.invokeSuspend.<no name provided>.invokeSuspend.<no name provided>.invokeSuspend$suspendConversion0, kotlin.Unit>, p0: T of com.project.ui.ObserveAsEventsKt.ObserveAsEvents.<no name provided>.invokeSuspend.<no name provided>.invokeSuspend.<no name provided>.invokeSuspend$suspendConversion0, $completion: kotlin.coroutines.Continuation<kotlin.Unit>): kotlin.Any? [suspend] declared in com.project.ui.ObserveAsEventsKt.ObserveAsEvents.<no name provided>.invokeSuspend.<no name provided>.invokeSuspend.<no name provided>' type=kotlin.Any? origin=null
                                            TYPE_ARG T: T of com.project.ui.ObserveAsEventsKt.ObserveAsEvents.<no name provided>.invokeSuspend.<no name provided>.invokeSuspend.<no name provided>.invokeSuspend$suspendConversion0.<Continuation>
                                            ARG $receiver: CONST Null type=kotlin.Function1<T of com.project.ui.ObserveAsEventsKt.ObserveAsEvents.<no name provided>.invokeSuspend.<no name provided>.invokeSuspend.<no name provided>.invokeSuspend$suspendConversion0, kotlin.Unit>? value=null
                                            ARG p0: CONST Null type=kotlin.Any? value=null
                                            ARG $completion: GET_VAR '<this>: com.project.ui.ObserveAsEventsKt.ObserveAsEvents.<no name provided>.invokeSuspend.<no name provided>.invokeSuspend.<no name provided>.invokeSuspend$suspendConversion0.<Continuation> declared in com.project.ui.ObserveAsEventsKt.ObserveAsEvents.<no name provided>.invokeSuspend.<no name provided>.invokeSuspend.<no name provided>.invokeSuspend$suspendConversion0.<Continuation>.invokeSuspend' type=com.project.ui.ObserveAsEventsKt.ObserveAsEvents.<no name provided>.invokeSuspend.<no name provided>.invokeSuspend.<no name provided>.invokeSuspend$suspendConversion0.<Continuation> origin=null
                                  CALL 'public abstract fun invoke (p1: P1 of kotlin.Function1): R of kotlin.Function1 [operator] declared in kotlin.Function1' type=kotlin.Unit origin=null
                                    ARG <this>: GET_VAR '$callee: kotlin.Function1<T of com.project.ui.ObserveAsEventsKt.ObserveAsEvents.<no name provided>.invokeSuspend.<no name provided>.invokeSuspend.<no name provided>.invokeSuspend$suspendConversion0, kotlin.Unit> declared in com.project.ui.ObserveAsEventsKt.ObserveAsEvents.<no name provided>.invokeSuspend.<no name provided>.invokeSuspend.<no name provided>.invokeSuspend$suspendConversion0' type=kotlin.Function1<T of com.project.ui.ObserveAsEventsKt.ObserveAsEvents.<no name provided>.invokeSuspend.<no name provided>.invokeSuspend.<no name provided>.invokeSuspend$suspendConversion0, kotlin.Unit> origin=null
                                    ARG p1: GET_VAR 'p0: T of com.project.ui.ObserveAsEventsKt.ObserveAsEvents.<no name provided>.invokeSuspend.<no name provided>.invokeSuspend.<no name provided>.invokeSuspend$suspendConversion0 declared in com.project.ui.ObserveAsEventsKt.ObserveAsEvents.<no name provided>.invokeSuspend.<no name provided>.invokeSuspend.<no name provided>.invokeSuspend$suspendConversion0' type=T of com.project.ui.ObserveAsEventsKt.ObserveAsEvents.<no name provided>.invokeSuspend.<no name provided>.invokeSuspend.<no name provided>.invokeSuspend$suspendConversion0 origin=null
                              FUN BRIDGE name:invoke visibility:public modality:OPEN returnType:kotlin.Any?
                                VALUE_PARAMETER INSTANCE_RECEIVER kind:DispatchReceiver name:<this> index:0 type:com.project.ui.ObserveAsEventsKt.ObserveAsEvents.<no name provided>.invokeSuspend.<no name provided>.invokeSuspend.<no name provided>
                                VALUE_PARAMETER BRIDGE kind:Regular name:p1 index:1 type:kotlin.Any?
                                VALUE_PARAMETER BRIDGE kind:Regular name:p2 index:2 type:kotlin.Any?
                                EXPRESSION_BODY
                                  RETURN type=kotlin.Nothing from='public open fun invoke (p1: kotlin.Any?, p2: kotlin.Any?): kotlin.Any? declared in com.project.ui.ObserveAsEventsKt.ObserveAsEvents.<no name provided>.invokeSuspend.<no name provided>.invokeSuspend.<no name provided>'
                                    CALL 'public final fun invoke (p1: kotlinx.coroutines.CoroutineScope, p2: kotlin.coroutines.Continuation<kotlin.Unit>?): kotlin.Any? declared in com.project.ui.ObserveAsEventsKt.ObserveAsEvents.<no name provided>.invokeSuspend.<no name provided>.invokeSuspend.<no name provided>' type=kotlin.Any? origin=BRIDGE_DELEGATION
                                      ARG <this>: GET_VAR '<this>: com.project.ui.ObserveAsEventsKt.ObserveAsEvents.<no name provided>.invokeSuspend.<no name provided>.invokeSuspend.<no name provided> declared in com.project.ui.ObserveAsEventsKt.ObserveAsEvents.<no name provided>.invokeSuspend.<no name provided>.invokeSuspend.<no name provided>.invoke' type=com.project.ui.ObserveAsEventsKt.ObserveAsEvents.<no name provided>.invokeSuspend.<no name provided>.invokeSuspend.<no name provided> origin=null
                                      ARG p1: TYPE_OP type=kotlinx.coroutines.CoroutineScope origin=IMPLICIT_CAST typeOperand=kotlinx.coroutines.CoroutineScope
                                        GET_VAR 'p1: kotlin.Any? declared in com.project.ui.ObserveAsEventsKt.ObserveAsEvents.<no name provided>.invokeSuspend.<no name provided>.invokeSuspend.<no name provided>.invoke' type=kotlin.Any? origin=null
                                      ARG p2: TYPE_OP type=kotlin.coroutines.Continuation<*> origin=IMPLICIT_CAST typeOperand=kotlin.coroutines.Continuation<*>
                                        GET_VAR 'p2: kotlin.Any? declared in com.project.ui.ObserveAsEventsKt.ObserveAsEvents.<no name provided>.invokeSuspend.<no name provided>.invokeSuspend.<no name provided>.invoke' type=kotlin.Any? origin=null
                              FUN SYNTHETIC_ACCESSOR name:access$invokeSuspend$suspendConversion0 visibility:public modality:FINAL returnType:kotlin.Any? [suspend]
                                TYPE_PARAMETER SYNTHETIC_ACCESSOR name:T index:0 variance: superTypes:[kotlin.Any?] reified:false
                                VALUE_PARAMETER ADAPTER_PARAMETER_FOR_SUSPEND_CONVERSION kind:Regular name:$receiver index:0 type:kotlin.Function1<T of com.project.ui.ObserveAsEventsKt.ObserveAsEvents.<no name provided>.invokeSuspend.<no name provided>.invokeSuspend.<no name provided>.invokeSuspend$suspendConversion0, kotlin.Unit>
                                VALUE_PARAMETER SYNTHETIC_ACCESSOR kind:Regular name:p0 index:1 type:T of com.project.ui.ObserveAsEventsKt.ObserveAsEvents.<no name provided>.invokeSuspend.<no name provided>.invokeSuspend.<no name provided>.invokeSuspend$suspendConversion0
                                VALUE_PARAMETER SYNTHETIC_ACCESSOR kind:Regular name:$completion index:2 type:kotlin.coroutines.Continuation<kotlin.Unit>
                                BLOCK_BODY
                                  RETURN type=kotlin.Nothing from='public final fun access$invokeSuspend$suspendConversion0 <T> ($receiver: kotlin.Function1<T of com.project.ui.ObserveAsEventsKt.ObserveAsEvents.<no name provided>.invokeSuspend.<no name provided>.invokeSuspend.<no name provided>.invokeSuspend$suspendConversion0, kotlin.Unit>, p0: T of com.project.ui.ObserveAsEventsKt.ObserveAsEvents.<no name provided>.invokeSuspend.<no name provided>.invokeSuspend.<no name provided>.invokeSuspend$suspendConversion0, $completion: kotlin.coroutines.Continuation<kotlin.Unit>): kotlin.Any? [suspend] declared in com.project.ui.ObserveAsEventsKt.ObserveAsEvents.<no name provided>.invokeSuspend.<no name provided>.invokeSuspend.<no name provided>'
                                    CALL 'private final fun invokeSuspend$suspendConversion0 <T> ($callee: kotlin.Function1<T of com.project.ui.ObserveAsEventsKt.ObserveAsEvents.<no name provided>.invokeSuspend.<no name provided>.invokeSuspend.<no name provided>.invokeSuspend$suspendConversion0, kotlin.Unit>, p0: T of com.project.ui.ObserveAsEventsKt.ObserveAsEvents.<no name provided>.invokeSuspend.<no name provided>.invokeSuspend.<no name provided>.invokeSuspend$suspendConversion0, $completion: kotlin.coroutines.Continuation<kotlin.Unit>): kotlin.Any? [suspend] declared in com.project.ui.ObserveAsEventsKt.ObserveAsEvents.<no name provided>.invokeSuspend.<no name provided>.invokeSuspend.<no name provided>' type=kotlin.Any? origin=null
                                      TYPE_ARG T: T of com.project.ui.ObserveAsEventsKt.ObserveAsEvents.<no name provided>.invokeSuspend.<no name provided>.invokeSuspend.<no name provided>.access$invokeSuspend$suspendConversion0
                                      ARG $callee: GET_VAR '$receiver: kotlin.Function1<T of com.project.ui.ObserveAsEventsKt.ObserveAsEvents.<no name provided>.invokeSuspend.<no name provided>.invokeSuspend.<no name provided>.invokeSuspend$suspendConversion0, kotlin.Unit> declared in com.project.ui.ObserveAsEventsKt.ObserveAsEvents.<no name provided>.invokeSuspend.<no name provided>.invokeSuspend.<no name provided>.access$invokeSuspend$suspendConversion0' type=kotlin.Function1<T of com.project.ui.ObserveAsEventsKt.ObserveAsEvents.<no name provided>.invokeSuspend.<no name provided>.invokeSuspend.<no name provided>.invokeSuspend$suspendConversion0, kotlin.Unit> origin=null
                                      ARG p0: GET_VAR 'p0: T of com.project.ui.ObserveAsEventsKt.ObserveAsEvents.<no name provided>.invokeSuspend.<no name provided>.invokeSuspend.<no name provided>.invokeSuspend$suspendConversion0 declared in com.project.ui.ObserveAsEventsKt.ObserveAsEvents.<no name provided>.invokeSuspend.<no name provided>.invokeSuspend.<no name provided>.access$invokeSuspend$suspendConversion0' type=T of com.project.ui.ObserveAsEventsKt.ObserveAsEvents.<no name provided>.invokeSuspend.<no name provided>.invokeSuspend.<no name provided>.invokeSuspend$suspendConversion0 origin=null
                                      ARG $completion: GET_VAR '$completion: kotlin.coroutines.Continuation<kotlin.Unit> declared in com.project.ui.ObserveAsEventsKt.ObserveAsEvents.<no name provided>.invokeSuspend.<no name provided>.invokeSuspend.<no name provided>.access$invokeSuspend$suspendConversion0' type=kotlin.coroutines.Continuation<kotlin.Unit> origin=null
                            CONSTRUCTOR_CALL 'public/*package*/ constructor <init> ($flow: kotlinx.coroutines.flow.Flow<T of com.project.ui.ObserveAsEventsKt.ObserveAsEvents>, $onEvent: kotlin.Function1<T of com.project.ui.ObserveAsEventsKt.ObserveAsEvents, kotlin.Unit>, $completion: kotlin.coroutines.Continuation<com.project.ui.ObserveAsEventsKt.ObserveAsEvents.<no name provided>.invokeSuspend.<no name provided>.invokeSuspend.<no name provided>>?) [primary] declared in com.project.ui.ObserveAsEventsKt.ObserveAsEvents.<no name provided>.invokeSuspend.<no name provided>.invokeSuspend.<no name provided>' type=com.project.ui.ObserveAsEventsKt.ObserveAsEvents.<no name provided>.invokeSuspend.<no name provided>.invokeSuspend.<no name provided> origin=null
                              ARG $flow: GET_FIELD 'FIELD FIELD_FOR_CAPTURED_VALUE name:$flow type:kotlinx.coroutines.flow.Flow<T of com.project.ui.ObserveAsEventsKt.ObserveAsEvents> visibility:public/*package*/ [final] declared in com.project.ui.ObserveAsEventsKt.ObserveAsEvents.<no name provided>.invokeSuspend.<no name provided>' type=kotlinx.coroutines.flow.Flow<T of com.project.ui.ObserveAsEventsKt.ObserveAsEvents> origin=null
                                receiver: GET_VAR '<this>: com.project.ui.ObserveAsEventsKt.ObserveAsEvents.<no name provided>.invokeSuspend.<no name provided> declared in com.project.ui.ObserveAsEventsKt.ObserveAsEvents.<no name provided>.invokeSuspend.<no name provided>.invokeSuspend' type=com.project.ui.ObserveAsEventsKt.ObserveAsEvents.<no name provided>.invokeSuspend.<no name provided> origin=null
                              ARG $onEvent: GET_FIELD 'FIELD FIELD_FOR_CAPTURED_VALUE name:$onEvent type:kotlin.Function1<T of com.project.ui.ObserveAsEventsKt.ObserveAsEvents, kotlin.Unit> visibility:public/*package*/ [final] declared in com.project.ui.ObserveAsEventsKt.ObserveAsEvents.<no name provided>.invokeSuspend.<no name provided>' type=kotlin.Function1<T of com.project.ui.ObserveAsEventsKt.ObserveAsEvents, kotlin.Unit> origin=null
                                receiver: GET_VAR '<this>: com.project.ui.ObserveAsEventsKt.ObserveAsEvents.<no name provided>.invokeSuspend.<no name provided> declared in com.project.ui.ObserveAsEventsKt.ObserveAsEvents.<no name provided>.invokeSuspend.<no name provided>.invokeSuspend' type=com.project.ui.ObserveAsEventsKt.ObserveAsEvents.<no name provided>.invokeSuspend.<no name provided> origin=null
                              ARG $completion: CONST Null type=kotlin.Nothing? value=null
                          ARG $completion: GET_VAR '<this>: com.project.ui.ObserveAsEventsKt.ObserveAsEvents.<no name provided>.invokeSuspend.<no name provided> declared in com.project.ui.ObserveAsEventsKt.ObserveAsEvents.<no name provided>.invokeSuspend.<no name provided>.invokeSuspend' type=com.project.ui.ObserveAsEventsKt.ObserveAsEvents.<no name provided>.invokeSuspend.<no name provided> origin=null
                    FUN name:create visibility:public modality:FINAL returnType:kotlin.coroutines.Continuation<kotlin.Unit>
                      VALUE_PARAMETER INSTANCE_RECEIVER kind:DispatchReceiver name:<this> index:0 type:com.project.ui.ObserveAsEventsKt.ObserveAsEvents.<no name provided>.invokeSuspend.<no name provided>
                      VALUE_PARAMETER kind:Regular name:value index:1 type:kotlin.Any?
                      VALUE_PARAMETER kind:Regular name:$completion index:2 type:kotlin.coroutines.Continuation<kotlin.Nothing>
                      overridden:
                        public open fun create (value: kotlin.Any?, $completion: kotlin.coroutines.Continuation<kotlin.Nothing>): kotlin.coroutines.Continuation<kotlin.Unit> declared in kotlin.coroutines.jvm.internal.SuspendLambda
                      BLOCK_BODY
                        RETURN type=kotlin.Nothing from='public final fun create (value: kotlin.Any?, $completion: kotlin.coroutines.Continuation<kotlin.Nothing>): kotlin.coroutines.Continuation<kotlin.Unit> declared in com.project.ui.ObserveAsEventsKt.ObserveAsEvents.<no name provided>.invokeSuspend.<no name provided>'
                          CONSTRUCTOR_CALL 'public/*package*/ constructor <init> ($flow: kotlinx.coroutines.flow.Flow<T of com.project.ui.ObserveAsEventsKt.ObserveAsEvents>, $onEvent: kotlin.Function1<T of com.project.ui.ObserveAsEventsKt.ObserveAsEvents, kotlin.Unit>, $completion: kotlin.coroutines.Continuation<com.project.ui.ObserveAsEventsKt.ObserveAsEvents.<no name provided>.invokeSuspend.<no name provided>>?) [primary] declared in com.project.ui.ObserveAsEventsKt.ObserveAsEvents.<no name provided>.invokeSuspend.<no name provided>' type=com.project.ui.ObserveAsEventsKt.ObserveAsEvents.<no name provided>.invokeSuspend.<no name provided> origin=null
                            ARG $flow: GET_FIELD 'FIELD FIELD_FOR_CAPTURED_VALUE name:$flow type:kotlinx.coroutines.flow.Flow<T of com.project.ui.ObserveAsEventsKt.ObserveAsEvents> visibility:public/*package*/ [final] declared in com.project.ui.ObserveAsEventsKt.ObserveAsEvents.<no name provided>.invokeSuspend.<no name provided>' type=kotlinx.coroutines.flow.Flow<T of com.project.ui.ObserveAsEventsKt.ObserveAsEvents> origin=null
                              receiver: GET_VAR '<this>: com.project.ui.ObserveAsEventsKt.ObserveAsEvents.<no name provided>.invokeSuspend.<no name provided> declared in com.project.ui.ObserveAsEventsKt.ObserveAsEvents.<no name provided>.invokeSuspend.<no name provided>.create' type=com.project.ui.ObserveAsEventsKt.ObserveAsEvents.<no name provided>.invokeSuspend.<no name provided> origin=null
                            ARG $onEvent: GET_FIELD 'FIELD FIELD_FOR_CAPTURED_VALUE name:$onEvent type:kotlin.Function1<T of com.project.ui.ObserveAsEventsKt.ObserveAsEvents, kotlin.Unit> visibility:public/*package*/ [final] declared in com.project.ui.ObserveAsEventsKt.ObserveAsEvents.<no name provided>.invokeSuspend.<no name provided>' type=kotlin.Function1<T of com.project.ui.ObserveAsEventsKt.ObserveAsEvents, kotlin.Unit> origin=null
                              receiver: GET_VAR '<this>: com.project.ui.ObserveAsEventsKt.ObserveAsEvents.<no name provided>.invokeSuspend.<no name provided> declared in com.project.ui.ObserveAsEventsKt.ObserveAsEvents.<no name provided>.invokeSuspend.<no name provided>.create' type=com.project.ui.ObserveAsEventsKt.ObserveAsEvents.<no name provided>.invokeSuspend.<no name provided> origin=null
                            ARG $completion: GET_VAR '$completion: kotlin.coroutines.Continuation<kotlin.Nothing> declared in com.project.ui.ObserveAsEventsKt.ObserveAsEvents.<no name provided>.invokeSuspend.<no name provided>.create' type=kotlin.coroutines.Continuation<kotlin.Nothing> origin=null
                    FUN name:invoke visibility:public modality:FINAL returnType:kotlin.Any?
                      VALUE_PARAMETER INSTANCE_RECEIVER kind:DispatchReceiver name:<this> index:0 type:com.project.ui.ObserveAsEventsKt.ObserveAsEvents.<no name provided>.invokeSuspend.<no name provided>
                      VALUE_PARAMETER kind:Regular name:p1 index:1 type:kotlinx.coroutines.CoroutineScope
                      VALUE_PARAMETER kind:Regular name:p2 index:2 type:kotlin.coroutines.Continuation<kotlin.Unit>?
                      overridden:
                        public abstract fun invoke (p1: P1 of kotlin.jvm.functions.Function2, p2: P2 of kotlin.jvm.functions.Function2): R of kotlin.jvm.functions.Function2 declared in kotlin.jvm.functions.Function2
                      BLOCK_BODY
                        RETURN type=kotlin.Nothing from='public final fun invoke (p1: kotlinx.coroutines.CoroutineScope, p2: kotlin.coroutines.Continuation<kotlin.Unit>?): kotlin.Any? declared in com.project.ui.ObserveAsEventsKt.ObserveAsEvents.<no name provided>.invokeSuspend.<no name provided>'
                          CALL 'public final fun invokeSuspend ($result: kotlin.Result<kotlin.Any?>): kotlin.Any? declared in com.project.ui.ObserveAsEventsKt.ObserveAsEvents.<no name provided>.invokeSuspend.<no name provided>' type=kotlin.Any? origin=null
                            ARG <this>: TYPE_OP type=com.project.ui.ObserveAsEventsKt.ObserveAsEvents.<no name provided>.invokeSuspend.<no name provided> origin=IMPLICIT_CAST typeOperand=com.project.ui.ObserveAsEventsKt.ObserveAsEvents.<no name provided>.invokeSuspend.<no name provided>
                              CALL 'public final fun create (value: kotlin.Any?, $completion: kotlin.coroutines.Continuation<kotlin.Nothing>): kotlin.coroutines.Continuation<kotlin.Unit> declared in com.project.ui.ObserveAsEventsKt.ObserveAsEvents.<no name provided>.invokeSuspend.<no name provided>' type=kotlin.coroutines.Continuation<kotlin.Unit> origin=null
                                ARG <this>: GET_VAR '<this>: com.project.ui.ObserveAsEventsKt.ObserveAsEvents.<no name provided>.invokeSuspend.<no name provided> declared in com.project.ui.ObserveAsEventsKt.ObserveAsEvents.<no name provided>.invokeSuspend.<no name provided>.invoke' type=com.project.ui.ObserveAsEventsKt.ObserveAsEvents.<no name provided>.invokeSuspend.<no name provided> origin=null
                                ARG value: GET_VAR 'p1: kotlinx.coroutines.CoroutineScope declared in com.project.ui.ObserveAsEventsKt.ObserveAsEvents.<no name provided>.invokeSuspend.<no name provided>.invoke' type=kotlinx.coroutines.CoroutineScope origin=null
                                ARG $completion: GET_VAR 'p2: kotlin.coroutines.Continuation<kotlin.Unit>? declared in com.project.ui.ObserveAsEventsKt.ObserveAsEvents.<no name provided>.invokeSuspend.<no name provided>.invoke' type=kotlin.coroutines.Continuation<kotlin.Unit>? origin=null
                            ARG $result: CALL 'public final fun <unsafe-coerce> <T, R> (v: T of kotlin.jvm.internal.<unsafe-coerce>): R of kotlin.jvm.internal.<unsafe-coerce> declared in kotlin.jvm.internal' type=kotlin.Result<kotlin.Any?> origin=null
                              TYPE_ARG T: kotlin.Any?
                              TYPE_ARG R: kotlin.Result<kotlin.Any?>
                              ARG v: GET_FIELD 'FIELD FIELD_FOR_OBJECT_INSTANCE name:INSTANCE type:kotlin.Unit visibility:public [final,static] declared in kotlin.Unit' type=kotlin.Unit origin=null
                    FIELD FIELD_FOR_CAPTURED_VALUE name:$flow type:kotlinx.coroutines.flow.Flow<T of com.project.ui.ObserveAsEventsKt.ObserveAsEvents> visibility:public/*package*/ [final]
                    FIELD FIELD_FOR_CAPTURED_VALUE name:$onEvent type:kotlin.Function1<T of com.project.ui.ObserveAsEventsKt.ObserveAsEvents, kotlin.Unit> visibility:public/*package*/ [final]
                    FUN BRIDGE name:invoke visibility:public modality:OPEN returnType:kotlin.Any?
                      VALUE_PARAMETER INSTANCE_RECEIVER kind:DispatchReceiver name:<this> index:0 type:com.project.ui.ObserveAsEventsKt.ObserveAsEvents.<no name provided>.invokeSuspend.<no name provided>
                      VALUE_PARAMETER BRIDGE kind:Regular name:p1 index:1 type:kotlin.Any?
                      VALUE_PARAMETER BRIDGE kind:Regular name:p2 index:2 type:kotlin.Any?
                      EXPRESSION_BODY
                        RETURN type=kotlin.Nothing from='public open fun invoke (p1: kotlin.Any?, p2: kotlin.Any?): kotlin.Any? declared in com.project.ui.ObserveAsEventsKt.ObserveAsEvents.<no name provided>.invokeSuspend.<no name provided>'
                          CALL 'public final fun invoke (p1: kotlinx.coroutines.CoroutineScope, p2: kotlin.coroutines.Continuation<kotlin.Unit>?): kotlin.Any? declared in com.project.ui.ObserveAsEventsKt.ObserveAsEvents.<no name provided>.invokeSuspend.<no name provided>' type=kotlin.Any? origin=BRIDGE_DELEGATION
                            ARG <this>: GET_VAR '<this>: com.project.ui.ObserveAsEventsKt.ObserveAsEvents.<no name provided>.invokeSuspend.<no name provided> declared in com.project.ui.ObserveAsEventsKt.ObserveAsEvents.<no name provided>.invokeSuspend.<no name provided>.invoke' type=com.project.ui.ObserveAsEventsKt.ObserveAsEvents.<no name provided>.invokeSuspend.<no name provided> origin=null
                            ARG p1: TYPE_OP type=kotlinx.coroutines.CoroutineScope origin=IMPLICIT_CAST typeOperand=kotlinx.coroutines.CoroutineScope
                              GET_VAR 'p1: kotlin.Any? declared in com.project.ui.ObserveAsEventsKt.ObserveAsEvents.<no name provided>.invokeSuspend.<no name provided>.invoke' type=kotlin.Any? origin=null
                            ARG p2: TYPE_OP type=kotlin.coroutines.Continuation<*> origin=IMPLICIT_CAST typeOperand=kotlin.coroutines.Continuation<*>
                              GET_VAR 'p2: kotlin.Any? declared in com.project.ui.ObserveAsEventsKt.ObserveAsEvents.<no name provided>.invokeSuspend.<no name provided>.invoke' type=kotlin.Any? origin=null
                  CONSTRUCTOR_CALL 'public/*package*/ constructor <init> ($flow: kotlinx.coroutines.flow.Flow<T of com.project.ui.ObserveAsEventsKt.ObserveAsEvents>, $onEvent: kotlin.Function1<T of com.project.ui.ObserveAsEventsKt.ObserveAsEvents, kotlin.Unit>, $completion: kotlin.coroutines.Continuation<com.project.ui.ObserveAsEventsKt.ObserveAsEvents.<no name provided>.invokeSuspend.<no name provided>>?) [primary] declared in com.project.ui.ObserveAsEventsKt.ObserveAsEvents.<no name provided>.invokeSuspend.<no name provided>' type=com.project.ui.ObserveAsEventsKt.ObserveAsEvents.<no name provided>.invokeSuspend.<no name provided> origin=null
                    ARG $flow: GET_FIELD 'FIELD FIELD_FOR_CAPTURED_VALUE name:$flow type:kotlinx.coroutines.flow.Flow<T of com.project.ui.ObserveAsEventsKt.ObserveAsEvents> visibility:public/*package*/ [final] declared in com.project.ui.ObserveAsEventsKt.ObserveAsEvents.<no name provided>' type=kotlinx.coroutines.flow.Flow<T of com.project.ui.ObserveAsEventsKt.ObserveAsEvents> origin=null
                      receiver: GET_VAR '<this>: com.project.ui.ObserveAsEventsKt.ObserveAsEvents.<no name provided> declared in com.project.ui.ObserveAsEventsKt.ObserveAsEvents.<no name provided>.invokeSuspend' type=com.project.ui.ObserveAsEventsKt.ObserveAsEvents.<no name provided> origin=null
                    ARG $onEvent: GET_FIELD 'FIELD FIELD_FOR_CAPTURED_VALUE name:$onEvent type:kotlin.Function1<T of com.project.ui.ObserveAsEventsKt.ObserveAsEvents, kotlin.Unit> visibility:public/*package*/ [final] declared in com.project.ui.ObserveAsEventsKt.ObserveAsEvents.<no name provided>' type=kotlin.Function1<T of com.project.ui.ObserveAsEventsKt.ObserveAsEvents, kotlin.Unit> origin=null
                      receiver: GET_VAR '<this>: com.project.ui.ObserveAsEventsKt.ObserveAsEvents.<no name provided> declared in com.project.ui.ObserveAsEventsKt.ObserveAsEvents.<no name provided>.invokeSuspend' type=com.project.ui.ObserveAsEventsKt.ObserveAsEvents.<no name provided> origin=null
                    ARG $completion: CONST Null type=kotlin.Nothing? value=null
                ARG $completion: GET_VAR '<this>: com.project.ui.ObserveAsEventsKt.ObserveAsEvents.<no name provided> declared in com.project.ui.ObserveAsEventsKt.ObserveAsEvents.<no name provided>.invokeSuspend' type=com.project.ui.ObserveAsEventsKt.ObserveAsEvents.<no name provided> origin=null
          FUN name:create visibility:public modality:FINAL returnType:kotlin.coroutines.Continuation<kotlin.Unit>
            VALUE_PARAMETER INSTANCE_RECEIVER kind:DispatchReceiver name:<this> index:0 type:com.project.ui.ObserveAsEventsKt.ObserveAsEvents.<no name provided>
            VALUE_PARAMETER kind:Regular name:value index:1 type:kotlin.Any?
            VALUE_PARAMETER kind:Regular name:$completion index:2 type:kotlin.coroutines.Continuation<kotlin.Nothing>
            overridden:
              public open fun create (value: kotlin.Any?, $completion: kotlin.coroutines.Continuation<kotlin.Nothing>): kotlin.coroutines.Continuation<kotlin.Unit> declared in kotlin.coroutines.jvm.internal.SuspendLambda
            BLOCK_BODY
              RETURN type=kotlin.Nothing from='public final fun create (value: kotlin.Any?, $completion: kotlin.coroutines.Continuation<kotlin.Nothing>): kotlin.coroutines.Continuation<kotlin.Unit> declared in com.project.ui.ObserveAsEventsKt.ObserveAsEvents.<no name provided>'
                CONSTRUCTOR_CALL 'public/*package*/ constructor <init> ($lifecycleOwner: androidx.lifecycle.LifecycleOwner, $flow: kotlinx.coroutines.flow.Flow<T of com.project.ui.ObserveAsEventsKt.ObserveAsEvents>, $onEvent: kotlin.Function1<T of com.project.ui.ObserveAsEventsKt.ObserveAsEvents, kotlin.Unit>, $completion: kotlin.coroutines.Continuation<com.project.ui.ObserveAsEventsKt.ObserveAsEvents.<no name provided>>?) [primary] declared in com.project.ui.ObserveAsEventsKt.ObserveAsEvents.<no name provided>' type=com.project.ui.ObserveAsEventsKt.ObserveAsEvents.<no name provided> origin=null
                  ARG $lifecycleOwner: GET_FIELD 'FIELD FIELD_FOR_CAPTURED_VALUE name:$lifecycleOwner type:androidx.lifecycle.LifecycleOwner visibility:public/*package*/ [final] declared in com.project.ui.ObserveAsEventsKt.ObserveAsEvents.<no name provided>' type=androidx.lifecycle.LifecycleOwner origin=null
                    receiver: GET_VAR '<this>: com.project.ui.ObserveAsEventsKt.ObserveAsEvents.<no name provided> declared in com.project.ui.ObserveAsEventsKt.ObserveAsEvents.<no name provided>.create' type=com.project.ui.ObserveAsEventsKt.ObserveAsEvents.<no name provided> origin=null
                  ARG $flow: GET_FIELD 'FIELD FIELD_FOR_CAPTURED_VALUE name:$flow type:kotlinx.coroutines.flow.Flow<T of com.project.ui.ObserveAsEventsKt.ObserveAsEvents> visibility:public/*package*/ [final] declared in com.project.ui.ObserveAsEventsKt.ObserveAsEvents.<no name provided>' type=kotlinx.coroutines.flow.Flow<T of com.project.ui.ObserveAsEventsKt.ObserveAsEvents> origin=null
                    receiver: GET_VAR '<this>: com.project.ui.ObserveAsEventsKt.ObserveAsEvents.<no name provided> declared in com.project.ui.ObserveAsEventsKt.ObserveAsEvents.<no name provided>.create' type=com.project.ui.ObserveAsEventsKt.ObserveAsEvents.<no name provided> origin=null
                  ARG $onEvent: GET_FIELD 'FIELD FIELD_FOR_CAPTURED_VALUE name:$onEvent type:kotlin.Function1<T of com.project.ui.ObserveAsEventsKt.ObserveAsEvents, kotlin.Unit> visibility:public/*package*/ [final] declared in com.project.ui.ObserveAsEventsKt.ObserveAsEvents.<no name provided>' type=kotlin.Function1<T of com.project.ui.ObserveAsEventsKt.ObserveAsEvents, kotlin.Unit> origin=null
                    receiver: GET_VAR '<this>: com.project.ui.ObserveAsEventsKt.ObserveAsEvents.<no name provided> declared in com.project.ui.ObserveAsEventsKt.ObserveAsEvents.<no name provided>.create' type=com.project.ui.ObserveAsEventsKt.ObserveAsEvents.<no name provided> origin=null
                  ARG $completion: GET_VAR '$completion: kotlin.coroutines.Continuation<kotlin.Nothing> declared in com.project.ui.ObserveAsEventsKt.ObserveAsEvents.<no name provided>.create' type=kotlin.coroutines.Continuation<kotlin.Nothing> origin=null
          FUN name:invoke visibility:public modality:FINAL returnType:kotlin.Any?
            VALUE_PARAMETER INSTANCE_RECEIVER kind:DispatchReceiver name:<this> index:0 type:com.project.ui.ObserveAsEventsKt.ObserveAsEvents.<no name provided>
            VALUE_PARAMETER kind:Regular name:p1 index:1 type:kotlinx.coroutines.CoroutineScope
            VALUE_PARAMETER kind:Regular name:p2 index:2 type:kotlin.coroutines.Continuation<kotlin.Unit>?
            overridden:
              public abstract fun invoke (p1: P1 of kotlin.jvm.functions.Function2, p2: P2 of kotlin.jvm.functions.Function2): R of kotlin.jvm.functions.Function2 declared in kotlin.jvm.functions.Function2
            BLOCK_BODY
              RETURN type=kotlin.Nothing from='public final fun invoke (p1: kotlinx.coroutines.CoroutineScope, p2: kotlin.coroutines.Continuation<kotlin.Unit>?): kotlin.Any? declared in com.project.ui.ObserveAsEventsKt.ObserveAsEvents.<no name provided>'
                CALL 'public final fun invokeSuspend ($result: kotlin.Result<kotlin.Any?>): kotlin.Any? declared in com.project.ui.ObserveAsEventsKt.ObserveAsEvents.<no name provided>' type=kotlin.Any? origin=null
                  ARG <this>: TYPE_OP type=com.project.ui.ObserveAsEventsKt.ObserveAsEvents.<no name provided> origin=IMPLICIT_CAST typeOperand=com.project.ui.ObserveAsEventsKt.ObserveAsEvents.<no name provided>
                    CALL 'public final fun create (value: kotlin.Any?, $completion: kotlin.coroutines.Continuation<kotlin.Nothing>): kotlin.coroutines.Continuation<kotlin.Unit> declared in com.project.ui.ObserveAsEventsKt.ObserveAsEvents.<no name provided>' type=kotlin.coroutines.Continuation<kotlin.Unit> origin=null
                      ARG <this>: GET_VAR '<this>: com.project.ui.ObserveAsEventsKt.ObserveAsEvents.<no name provided> declared in com.project.ui.ObserveAsEventsKt.ObserveAsEvents.<no name provided>.invoke' type=com.project.ui.ObserveAsEventsKt.ObserveAsEvents.<no name provided> origin=null
                      ARG value: GET_VAR 'p1: kotlinx.coroutines.CoroutineScope declared in com.project.ui.ObserveAsEventsKt.ObserveAsEvents.<no name provided>.invoke' type=kotlinx.coroutines.CoroutineScope origin=null
                      ARG $completion: GET_VAR 'p2: kotlin.coroutines.Continuation<kotlin.Unit>? declared in com.project.ui.ObserveAsEventsKt.ObserveAsEvents.<no name provided>.invoke' type=kotlin.coroutines.Continuation<kotlin.Unit>? origin=null
                  ARG $result: CALL 'public final fun <unsafe-coerce> <T, R> (v: T of kotlin.jvm.internal.<unsafe-coerce>): R of kotlin.jvm.internal.<unsafe-coerce> declared in kotlin.jvm.internal' type=kotlin.Result<kotlin.Any?> origin=null
                    TYPE_ARG T: kotlin.Any?
                    TYPE_ARG R: kotlin.Result<kotlin.Any?>
                    ARG v: GET_FIELD 'FIELD FIELD_FOR_OBJECT_INSTANCE name:INSTANCE type:kotlin.Unit visibility:public [final,static] declared in kotlin.Unit' type=kotlin.Unit origin=null
          FIELD FIELD_FOR_CAPTURED_VALUE name:$lifecycleOwner type:androidx.lifecycle.LifecycleOwner visibility:public/*package*/ [final]
          FIELD FIELD_FOR_CAPTURED_VALUE name:$flow type:kotlinx.coroutines.flow.Flow<T of com.project.ui.ObserveAsEventsKt.ObserveAsEvents> visibility:public/*package*/ [final]
          FIELD FIELD_FOR_CAPTURED_VALUE name:$onEvent type:kotlin.Function1<T of com.project.ui.ObserveAsEventsKt.ObserveAsEvents, kotlin.Unit> visibility:public/*package*/ [final]
          FUN BRIDGE name:invoke visibility:public modality:OPEN returnType:kotlin.Any?
            VALUE_PARAMETER INSTANCE_RECEIVER kind:DispatchReceiver name:<this> index:0 type:com.project.ui.ObserveAsEventsKt.ObserveAsEvents.<no name provided>
            VALUE_PARAMETER BRIDGE kind:Regular name:p1 index:1 type:kotlin.Any?
            VALUE_PARAMETER BRIDGE kind:Regular name:p2 index:2 type:kotlin.Any?
            EXPRESSION_BODY
              RETURN type=kotlin.Nothing from='public open fun invoke (p1: kotlin.Any?, p2: kotlin.Any?): kotlin.Any? declared in com.project.ui.ObserveAsEventsKt.ObserveAsEvents.<no name provided>'
                CALL 'public final fun invoke (p1: kotlinx.coroutines.CoroutineScope, p2: kotlin.coroutines.Continuation<kotlin.Unit>?): kotlin.Any? declared in com.project.ui.ObserveAsEventsKt.ObserveAsEvents.<no name provided>' type=kotlin.Any? origin=BRIDGE_DELEGATION
                  ARG <this>: GET_VAR '<this>: com.project.ui.ObserveAsEventsKt.ObserveAsEvents.<no name provided> declared in com.project.ui.ObserveAsEventsKt.ObserveAsEvents.<no name provided>.invoke' type=com.project.ui.ObserveAsEventsKt.ObserveAsEvents.<no name provided> origin=null
                  ARG p1: TYPE_OP type=kotlinx.coroutines.CoroutineScope origin=IMPLICIT_CAST typeOperand=kotlinx.coroutines.CoroutineScope
                    GET_VAR 'p1: kotlin.Any? declared in com.project.ui.ObserveAsEventsKt.ObserveAsEvents.<no name provided>.invoke' type=kotlin.Any? origin=null
                  ARG p2: TYPE_OP type=kotlin.coroutines.Continuation<*> origin=IMPLICIT_CAST typeOperand=kotlin.coroutines.Continuation<*>
                    GET_VAR 'p2: kotlin.Any? declared in com.project.ui.ObserveAsEventsKt.ObserveAsEvents.<no name provided>.invoke' type=kotlin.Any? origin=null
        CONSTRUCTOR_CALL 'public/*package*/ constructor <init> ($lifecycleOwner: androidx.lifecycle.LifecycleOwner, $flow: kotlinx.coroutines.flow.Flow<T of com.project.ui.ObserveAsEventsKt.ObserveAsEvents>, $onEvent: kotlin.Function1<T of com.project.ui.ObserveAsEventsKt.ObserveAsEvents, kotlin.Unit>, $completion: kotlin.coroutines.Continuation<com.project.ui.ObserveAsEventsKt.ObserveAsEvents.<no name provided>>?) [primary] declared in com.project.ui.ObserveAsEventsKt.ObserveAsEvents.<no name provided>' type=com.project.ui.ObserveAsEventsKt.ObserveAsEvents.<no name provided> origin=null
          ARG $lifecycleOwner: GET_VAR 'val lifecycleOwner: androidx.lifecycle.LifecycleOwner [val] declared in com.project.ui.ObserveAsEventsKt.ObserveAsEvents' type=androidx.lifecycle.LifecycleOwner origin=null
          ARG $flow: GET_VAR 'flow: kotlinx.coroutines.flow.Flow<T of com.project.ui.ObserveAsEventsKt.ObserveAsEvents> declared in com.project.ui.ObserveAsEventsKt.ObserveAsEvents' type=kotlinx.coroutines.flow.Flow<T of com.project.ui.ObserveAsEventsKt.ObserveAsEvents> origin=null
          ARG $onEvent: GET_VAR 'onEvent: kotlin.Function1<T of com.project.ui.ObserveAsEventsKt.ObserveAsEvents, kotlin.Unit> declared in com.project.ui.ObserveAsEventsKt.ObserveAsEvents' type=kotlin.Function1<T of com.project.ui.ObserveAsEventsKt.ObserveAsEvents, kotlin.Unit> origin=null
          ARG $completion: CONST Null type=kotlin.Nothing? value=null

	at org.jetbrains.kotlin.backend.jvm.codegen.FunctionCodegen.generate(FunctionCodegen.kt:50)
	at org.jetbrains.kotlin.backend.jvm.codegen.FunctionCodegen.generate$default(FunctionCodegen.kt:43)
	at org.jetbrains.kotlin.backend.jvm.codegen.ClassCodegen.generateMethodNode(ClassCodegen.kt:422)
	at org.jetbrains.kotlin.backend.jvm.codegen.ClassCodegen.generateMethod(ClassCodegen.kt:439)
	at org.jetbrains.kotlin.backend.jvm.codegen.ClassCodegen.generate(ClassCodegen.kt:164)
	at org.jetbrains.kotlin.backend.jvm.JvmIrCodegenFactory.generateFile(JvmIrCodegenFactory.kt:419)
	at org.jetbrains.kotlin.backend.jvm.JvmIrCodegenFactory.invokeCodegen(JvmIrCodegenFactory.kt:388)
	at org.jetbrains.kotlin.cli.jvm.compiler.KotlinToJVMBytecodeCompiler.runCodegen$cli(KotlinToJVMBytecodeCompiler.kt:431)
	at org.jetbrains.kotlin.cli.pipeline.jvm.JvmBackendPipelinePhase.executePhase(JvmBackendPipelinePhase.kt:95)
	at org.jetbrains.kotlin.cli.pipeline.jvm.JvmBackendPipelinePhase.executePhase(JvmBackendPipelinePhase.kt:36)
	at org.jetbrains.kotlin.cli.pipeline.jvm.JvmBackendPipelinePhase.executePhase(JvmBackendPipelinePhase.kt:29)
	at org.jetbrains.kotlin.cli.pipeline.PipelinePhase.phaseBody(PipelinePhase.kt:68)
	at org.jetbrains.kotlin.cli.pipeline.PipelinePhase.phaseBody(PipelinePhase.kt:58)
	at org.jetbrains.kotlin.config.phaser.NamedCompilerPhase.invoke(CompilerPhase.kt:102)
	at org.jetbrains.kotlin.backend.common.phaser.CompositePhase.invoke(PhaseBuilders.kt:22)
	at org.jetbrains.kotlin.config.phaser.CompilerPhaseKt.invokeToplevel(CompilerPhase.kt:53)
	at org.jetbrains.kotlin.cli.pipeline.AbstractCliPipeline.runPhasedPipeline(AbstractCliPipeline.kt:109)
	at org.jetbrains.kotlin.cli.pipeline.AbstractCliPipeline.execute(AbstractCliPipeline.kt:68)
	at org.jetbrains.kotlin.cli.jvm.K2JVMCompiler.doExecutePhased(K2JVMCompiler.kt:78)
	at org.jetbrains.kotlin.cli.jvm.K2JVMCompiler.doExecutePhased(K2JVMCompiler.kt:44)
	at org.jetbrains.kotlin.cli.common.CLICompiler.execImpl(CLICompiler.kt:90)
	at org.jetbrains.kotlin.cli.common.CLICompiler.exec(CLICompiler.kt:352)
	at org.jetbrains.kotlin.incremental.IncrementalJvmCompilerRunnerBase.runCompiler(IncrementalJvmCompilerRunnerBase.kt:175)
	at org.jetbrains.kotlin.incremental.IncrementalJvmCompilerRunnerBase.runCompiler(IncrementalJvmCompilerRunnerBase.kt:38)
	at org.jetbrains.kotlin.incremental.IncrementalCompilerRunner.doCompile(IncrementalCompilerRunner.kt:504)
	at org.jetbrains.kotlin.incremental.IncrementalCompilerRunner.compileImpl(IncrementalCompilerRunner.kt:421)
	at org.jetbrains.kotlin.incremental.IncrementalCompilerRunner.compileNonIncrementally(IncrementalCompilerRunner.kt:306)
	at org.jetbrains.kotlin.incremental.IncrementalCompilerRunner.compile(IncrementalCompilerRunner.kt:133)
	at org.jetbrains.kotlin.daemon.CompileServiceImplBase.execIncrementalCompiler(CompileServiceImpl.kt:679)
	at org.jetbrains.kotlin.daemon.CompileServiceImplBase.access$execIncrementalCompiler(CompileServiceImpl.kt:93)
	at org.jetbrains.kotlin.daemon.CompileServiceImpl.compile(CompileServiceImpl.kt:1806)
	at java.base/jdk.internal.reflect.DirectMethodHandleAccessor.invoke(Unknown Source)
	at java.base/java.lang.reflect.Method.invoke(Unknown Source)
	at java.rmi/sun.rmi.server.UnicastServerRef.dispatch(Unknown Source)
	at java.rmi/sun.rmi.transport.Transport$1.run(Unknown Source)
	at java.rmi/sun.rmi.transport.Transport$1.run(Unknown Source)
	at java.base/java.security.AccessController.doPrivileged(Unknown Source)
	at java.rmi/sun.rmi.transport.Transport.serviceCall(Unknown Source)
	at java.rmi/sun.rmi.transport.tcp.TCPTransport.handleMessages(Unknown Source)
	at java.rmi/sun.rmi.transport.tcp.TCPTransport$ConnectionHandler.run0(Unknown Source)
	at java.rmi/sun.rmi.transport.tcp.TCPTransport$ConnectionHandler.lambda$run$0(Unknown Source)
	at java.base/java.security.AccessController.doPrivileged(Unknown Source)
	at java.rmi/sun.rmi.transport.tcp.TCPTransport$ConnectionHandler.run(Unknown Source)
	at java.base/java.util.concurrent.ThreadPoolExecutor.runWorker(Unknown Source)
	at java.base/java.util.concurrent.ThreadPoolExecutor$Worker.run(Unknown Source)
	at java.base/java.lang.Thread.run(Unknown Source)
Caused by: org.jetbrains.kotlin.codegen.CompilationException: Back-end (JVM) Internal error: Couldn't inline method call: CALL 'public final fun <get-current> (): T of androidx.compose.runtime.CompositionLocal [inline] declared in androidx.compose.runtime.CompositionLocal' type=androidx.lifecycle.LifecycleOwner origin=GET_PROPERTY
Method: null
File is unknown
The root cause java.lang.IllegalStateException was thrown at: org.jetbrains.kotlin.codegen.inline.SourceCompilerForInlineKt.getMethodNode(SourceCompilerForInline.kt:129)
	at org.jetbrains.kotlin.backend.jvm.codegen.IrInlineCodegen.genInlineCall(IrInlineCodegen.kt:82)
	at org.jetbrains.kotlin.backend.jvm.codegen.IrInlineCallGenerator.genCall(IrInlineCallGenerator.kt:36)
	at org.jetbrains.kotlin.backend.jvm.codegen.ExpressionCodegen.visitCall(ExpressionCodegen.kt:586)
	at org.jetbrains.kotlin.backend.jvm.codegen.ExpressionCodegen.visitCall(ExpressionCodegen.kt:135)
	at org.jetbrains.kotlin.ir.expressions.IrCall.accept(IrCall.kt:24)
	at org.jetbrains.kotlin.backend.jvm.codegen.ExpressionCodegen.visitVariable(ExpressionCodegen.kt:725)
	at org.jetbrains.kotlin.backend.jvm.codegen.ExpressionCodegen.visitVariable(ExpressionCodegen.kt:135)
	at org.jetbrains.kotlin.ir.declarations.IrVariable.accept(IrVariable.kt:36)
	at org.jetbrains.kotlin.backend.jvm.codegen.ExpressionCodegen.visitStatementContainer(ExpressionCodegen.kt:527)
	at org.jetbrains.kotlin.backend.jvm.codegen.ExpressionCodegen.visitBlockBody(ExpressionCodegen.kt:532)
	at org.jetbrains.kotlin.backend.jvm.codegen.ExpressionCodegen.visitBlockBody(ExpressionCodegen.kt:135)
	at org.jetbrains.kotlin.ir.expressions.IrBlockBody.accept(IrBlockBody.kt:20)
	at org.jetbrains.kotlin.backend.jvm.codegen.ExpressionCodegen.generate(ExpressionCodegen.kt:233)
	at org.jetbrains.kotlin.backend.jvm.codegen.FunctionCodegen.doGenerate(FunctionCodegen.kt:126)
	at org.jetbrains.kotlin.backend.jvm.codegen.FunctionCodegen.generate(FunctionCodegen.kt:47)
	... 45 more
Caused by: java.lang.IllegalStateException: couldn't find inline method Landroidx/compose/runtime/CompositionLocal;.getCurrent()Ljava/lang/Object;
	at org.jetbrains.kotlin.codegen.inline.SourceCompilerForInlineKt.getMethodNode(SourceCompilerForInline.kt:129)
	at org.jetbrains.kotlin.codegen.inline.SourceCompilerForInlineKt.loadCompiledInlineFunction$lambda$2(SourceCompilerForInline.kt:98)
	at org.jetbrains.kotlin.codegen.inline.InlineCache.computeMethodBytes(InlineCache.kt:90)
	at org.jetbrains.kotlin.codegen.inline.SourceCompilerForInlineKt.loadCompiledInlineFunction(SourceCompilerForInline.kt:93)
	at org.jetbrains.kotlin.backend.jvm.codegen.IrSourceCompilerForInline.compileInlineFunction(IrSourceCompilerForInline.kt:96)
	at org.jetbrains.kotlin.backend.jvm.codegen.IrInlineCodegen.genInlineCall(IrInlineCodegen.kt:65)
	... 59 more


